-- phpMyAdmin SQL Dump
-- version 5.2.1
-- https://www.phpmyadmin.net/
--
-- Host: localhost:3306
-- Generation Time: Jul 05, 2025 at 05:15 PM
-- Server version: 8.0.30
-- PHP Version: 8.2.11

SET SQL_MODE = "NO_AUTO_VALUE_ON_ZERO";
START TRANSACTION;
SET time_zone = "+00:00";


/*!40101 SET @OLD_CHARACTER_SET_CLIENT=@@CHARACTER_SET_CLIENT */;
/*!40101 SET @OLD_CHARACTER_SET_RESULTS=@@CHARACTER_SET_RESULTS */;
/*!40101 SET @OLD_COLLATION_CONNECTION=@@COLLATION_CONNECTION */;
/*!40101 SET NAMES utf8mb4 */;

--
-- Database: `ahp`
--

-- --------------------------------------------------------

--
-- Table structure for table `alternatif`
--

CREATE TABLE `alternatif` (
  `nisn` varchar(10) COLLATE utf8mb4_unicode_ci NOT NULL,
  `nama` varchar(255) COLLATE utf8mb4_unicode_ci NOT NULL,
  `kelas` enum('X','XI','XII') COLLATE utf8mb4_unicode_ci NOT NULL,
  `jurusan` enum('IPA','IPS','BAHASA') COLLATE utf8mb4_unicode_ci NOT NULL,
  `created_at` timestamp NULL DEFAULT NULL,
  `updated_at` timestamp NULL DEFAULT NULL
) ENGINE=InnoDB DEFAULT CHARSET=utf8mb4 COLLATE=utf8mb4_unicode_ci;

--
-- Dumping data for table `alternatif`
--

INSERT INTO `alternatif` (`nisn`, `nama`, `kelas`, `jurusan`, `created_at`, `updated_at`) VALUES
('1000000001', 'Ahmad Fauzan', 'X', 'IPA', '2025-06-22 18:36:25', '2025-06-25 00:48:50'),
('1000000002', 'Siti Aisyah', 'X', 'IPA', '2025-06-22 18:36:25', '2025-06-25 00:47:23'),
('1000000003', 'Budi Santoso', 'X', 'IPA', '2025-06-22 18:36:25', '2025-06-25 00:49:21'),
('1000000004', 'Dewi Lestari', 'X', 'IPA', '2025-06-22 18:36:25', '2025-06-25 00:49:40'),
('1000000005', 'Joko Prasetyo', 'X', 'IPA', '2025-06-22 18:36:25', '2025-06-25 00:50:03'),
('1000000006', 'Fitri Handayani', 'X', 'IPA', '2025-06-22 18:36:25', '2025-06-25 00:55:11'),
('1000000007', 'Dedi Irawan', 'X', 'IPA', '2025-06-22 18:36:25', '2025-06-25 00:57:15'),
('1000000008', 'Intan Permata', 'X', 'IPA', '2025-06-22 18:36:25', '2025-06-25 00:57:35'),
('1000000009', 'Rahmat Hidayat', 'X', 'IPA', '2025-06-22 18:36:25', '2025-06-25 00:58:00'),
('1000000010', 'Tika Salsabila', 'X', 'IPA', '2025-06-22 18:36:25', '2025-06-25 00:58:18'),
('1000000011', 'Fajar Maulana', 'X', 'IPA', '2025-06-22 18:36:25', '2025-06-25 00:58:51'),
('1000000012', 'Rina Agustina', 'X', 'IPA', '2025-06-22 18:36:25', '2025-06-25 00:59:11'),
('1000000013', 'Doni Saputra', 'X', 'IPA', '2025-06-22 18:36:25', '2025-06-25 00:59:31'),
('1000000014', 'Melani Putri', 'X', 'IPA', '2025-06-22 18:36:25', '2025-06-25 01:00:28'),
('1000000015', 'Ilham Ramadhan', 'X', 'IPA', '2025-06-22 18:36:25', '2025-06-25 01:00:53'),
('1000000016', 'Aulia Rahmawati', 'XI', 'IPA', '2025-06-22 18:36:25', '2025-06-25 01:01:00'),
('1000000017', 'Hendra Gunawan', 'XI', 'IPA', '2025-06-22 18:36:25', '2025-06-25 01:01:25'),
('1000000018', 'Salsa Kirana', 'XI', 'IPA', '2025-06-22 18:36:25', '2025-06-25 01:01:50'),
('1000000019', 'Agus Salim', 'XI', 'IPA', '2025-06-22 18:36:25', '2025-06-25 01:02:10'),
('1000000020', 'Maya Kartika', 'XI', 'IPA', '2025-06-22 18:36:25', '2025-06-25 01:02:25'),
('1000000021', 'Yoga Pratama', 'XI', 'IPA', '2025-06-22 18:36:25', '2025-06-25 01:02:45'),
('1000000022', 'Desi Anjani', 'XI', 'IPA', '2025-06-22 18:36:25', '2025-06-25 01:03:10'),
('1000000023', 'Alif Maulana', 'XI', 'IPA', '2025-06-22 18:36:25', '2025-06-25 01:03:30'),
('1000000024', 'Zahra Azzahra', 'XI', 'IPA', '2025-06-22 18:36:25', '2025-06-25 01:03:45'),
('1000000025', 'Rizky Dwi Putra', 'XI', 'IPA', '2025-06-22 18:36:25', '2025-06-25 01:04:05'),
('1000000026', 'Nadia Safitri', 'XI', 'IPA', '2025-06-22 18:36:25', '2025-06-25 01:04:25'),
('1000000027', 'Hafiz Ramadhan', 'XI', 'IPA', '2025-06-22 18:36:25', '2025-06-25 01:04:45'),
('1000000028', 'Wulan Sari', 'XI', 'IPA', '2025-06-22 18:36:25', '2025-06-25 01:05:05'),
('1000000029', 'Galang Saputra', 'XI', 'IPA', '2025-06-22 18:36:25', '2025-06-25 01:05:20'),
('1000000030', 'Putri Amelia', 'XI', 'IPA', '2025-06-22 18:36:25', '2025-06-25 01:05:35'),
('1000000031', 'Dian Puspita', 'XII', 'IPA', '2025-06-22 18:36:25', '2025-06-25 01:06:00'),
('1000000032', 'Fikri Ananda', 'XII', 'IPA', '2025-06-22 18:36:25', '2025-06-25 01:06:15'),
('1000000033', 'Salma Nuraini', 'XII', 'IPA', '2025-06-22 18:36:25', '2025-06-25 01:06:35'),
('1000000034', 'Rian Saputra', 'XII', 'IPA', '2025-06-22 18:36:25', '2025-06-25 01:06:55'),
('1000000035', 'Lina Wati', 'XII', 'IPA', '2025-06-22 18:36:25', '2025-06-25 01:07:10'),
('1000000036', 'Bayu Prakoso', 'XII', 'IPA', '2025-06-22 18:36:25', '2025-06-25 01:07:25'),
('1000000037', 'Sari Lestari', 'XII', 'IPA', '2025-06-22 18:36:25', '2025-06-25 01:07:45'),
('1000000038', 'Iqbal Ramadhan', 'XII', 'IPA', '2025-06-22 18:36:25', '2025-06-25 01:08:00'),
('1000000039', 'Citra Ayu', 'XII', 'IPA', '2025-06-22 18:36:25', '2025-06-25 01:08:15'),
('1000000040', 'Dewi Cahyani', 'XII', 'IPA', '2025-06-22 18:36:25', '2025-06-25 01:08:30'),
('1000000041', 'Ali Saputra', 'XII', 'IPA', '2025-06-22 18:36:25', '2025-06-25 01:08:45'),
('1000000042', 'Yulia Marlina', 'XII', 'IPA', '2025-06-22 18:36:25', '2025-06-25 01:09:00'),
('1000000043', 'Farhan Akbar', 'XII', 'IPA', '2025-06-22 18:36:25', '2025-06-25 01:09:20'),
('1000000044', 'Selvi Aprilia', 'XII', 'IPA', '2025-06-22 18:36:25', '2025-06-25 01:09:40'),
('1000000045', 'Gilang Putra', 'XII', 'IPA', '2025-06-22 18:36:25', '2025-06-25 01:10:00'),
('1000000046', 'Nina Hartati', 'X', 'IPS', '2025-06-22 18:36:25', '2025-06-25 01:10:20'),
('1000000047', 'Danu Setiawan', 'X', 'IPS', '2025-06-22 18:36:25', '2025-06-25 01:10:40'),
('1000000048', 'Yuni Puspitasari', 'X', 'IPS', '2025-06-22 18:36:25', '2025-06-25 01:11:00'),
('1000000049', 'Reza Pradana', 'X', 'IPS', '2025-06-22 18:36:25', '2025-06-25 01:11:20'),
('1000000050', 'Laras Fitriana', 'X', 'IPS', '2025-06-22 18:36:25', '2025-06-25 01:11:40'),
('1000000051', 'Fahmi Aziz', 'X', 'IPS', '2025-06-22 18:36:25', '2025-06-25 01:12:00'),
('1000000052', 'Mita Lestari', 'X', 'IPS', '2025-06-22 18:36:25', '2025-06-25 01:12:20'),
('1000000053', 'Rangga Pratama', 'X', 'IPS', '2025-06-22 18:36:25', '2025-06-25 01:12:40'),
('1000000054', 'Tiara Ayuningtyas', 'X', 'IPS', '2025-06-22 18:36:25', '2025-06-25 01:13:00'),
('1000000055', 'Ivan Rizki', 'X', 'IPS', '2025-06-22 18:36:25', '2025-06-25 01:13:20'),
('1000000056', 'Dina Kusuma', 'X', 'IPS', '2025-06-22 18:36:25', '2025-06-25 01:13:40'),
('1000000057', 'Rafi Maulana', 'X', 'IPS', '2025-06-22 18:36:25', '2025-06-25 01:14:00'),
('1000000058', 'Yuliana Putri', 'X', 'IPS', '2025-06-22 18:36:25', '2025-06-25 01:14:20'),
('1000000059', 'Bagus Satria', 'X', 'IPS', '2025-06-22 18:36:25', '2025-06-25 01:14:40'),
('1000000060', 'Nadia Haryanti', 'X', 'IPS', '2025-06-22 18:36:25', '2025-06-25 01:15:00'),
('1000000061', 'Wahyu Kurniawan', 'XI', 'IPS', '2025-06-22 18:36:25', '2025-06-25 01:15:20'),
('1000000062', 'Rina Mulyani', 'XI', 'IPS', '2025-06-22 18:36:25', '2025-06-25 01:15:40'),
('1000000063', 'Andi Saputra', 'XI', 'IPS', '2025-06-22 18:36:25', '2025-06-25 01:16:00'),
('1000000064', 'Mega Putri', 'XI', 'IPS', '2025-06-22 18:36:25', '2025-06-25 01:16:20'),
('1000000065', 'Dika Ramadhan', 'XI', 'IPS', '2025-06-22 18:36:25', '2025-06-25 01:16:40'),
('1000000066', 'Syifa Nabila', 'XI', 'IPS', '2025-06-22 18:36:25', '2025-06-25 01:17:00'),
('1000000067', 'Riko Alamsyah', 'XI', 'IPS', '2025-06-22 18:36:25', '2025-06-25 01:17:20'),
('1000000068', 'Amelia Kartini', 'XI', 'IPS', '2025-06-22 18:36:25', '2025-06-25 01:17:40'),
('1000000069', 'Fajar Nugroho', 'XI', 'IPS', '2025-06-22 18:36:25', '2025-06-25 01:18:00'),
('1000000070', 'Dewi Maharani', 'XI', 'IPS', '2025-06-22 18:36:25', '2025-06-25 01:18:20'),
('1000000071', 'Bima Prasetya', 'XI', 'IPS', '2025-06-22 18:36:25', '2025-06-25 01:18:40'),
('1000000072', 'Haniyah Az-Zahra', 'XI', 'IPS', '2025-06-22 18:36:25', '2025-06-25 01:19:00'),
('1000000073', 'Yusuf Ramli', 'XI', 'IPS', '2025-06-22 18:36:25', '2025-06-25 01:19:20'),
('1000000074', 'Clara Ningsih', 'XI', 'IPS', '2025-06-22 18:36:25', '2025-06-25 01:19:40'),
('1000000075', 'Ilham Fikri', 'XI', 'IPS', '2025-06-22 18:36:25', '2025-06-25 01:20:00'),
('1000000076', 'Rizka Amalia', 'XII', 'IPS', '2025-06-22 18:36:25', '2025-06-25 01:20:20'),
('1000000077', 'Denny Kurniawan', 'XII', 'IPS', '2025-06-22 18:36:25', '2025-06-25 01:20:40'),
('1000000078', 'Siska Anjani', 'XII', 'IPS', '2025-06-22 18:36:25', '2025-06-25 01:21:00'),
('1000000079', 'Alvin Saputra', 'XII', 'IPS', '2025-06-22 18:36:25', '2025-06-25 01:21:20'),
('1000000080', 'Diana Oktaviani', 'XII', 'IPS', '2025-06-22 18:36:25', '2025-06-25 01:21:40'),
('1000000081', 'Niko Permana', 'XII', 'IPS', '2025-06-22 18:36:25', '2025-06-25 01:22:00'),
('1000000082', 'Raisa Nurul', 'XII', 'IPS', '2025-06-22 18:36:25', '2025-06-25 01:22:20'),
('1000000083', 'Yogi Setiawan', 'XII', 'IPS', '2025-06-22 18:36:25', '2025-06-25 01:22:40'),
('1000000084', 'Tari Anggraini', 'XII', 'IPS', '2025-06-22 18:36:25', '2025-06-25 01:23:00'),
('1000000085', 'Kevin Rinaldi', 'XII', 'IPS', '2025-06-22 18:36:25', '2025-06-25 01:23:20'),
('1000000086', 'Nia Kurniasari', 'XII', 'IPS', '2025-06-22 18:36:25', '2025-06-25 01:23:40'),
('1000000087', 'Tegar Maulana', 'XII', 'IPS', '2025-06-22 18:36:25', '2025-06-25 01:24:00'),
('1000000088', 'Selly Oktarina', 'XII', 'IPS', '2025-06-22 18:36:25', '2025-06-25 01:24:20'),
('1000000089', 'Fauzan Rizki', 'XII', 'IPS', '2025-06-22 18:36:25', '2025-06-25 01:24:40'),
('1000000090', 'Rina Febriani', 'XII', 'IPS', '2025-06-22 18:36:25', '2025-06-25 01:25:00'),
('1000000091', 'Alya Fadhilah', 'X', 'BAHASA', '2025-06-22 18:36:25', '2025-06-25 01:25:20'),
('1000000092', 'Gilang Raka', 'X', 'BAHASA', '2025-06-22 18:36:25', '2025-06-25 01:25:40'),
('1000000093', 'Intan Permatasari', 'X', 'BAHASA', '2025-06-22 18:36:25', '2025-06-25 01:26:00'),
('1000000094', 'Bintang Mahardika', 'X', 'BAHASA', '2025-06-22 18:36:25', '2025-06-25 01:26:20'),
('1000000095', 'Siti Nur Azizah', 'X', 'BAHASA', '2025-06-22 18:36:25', '2025-06-25 01:26:40'),
('1000000096', 'Rian Nugraha', 'X', 'BAHASA', '2025-06-22 18:36:25', '2025-06-25 01:27:00'),
('1000000097', 'Dewi Lestari', 'X', 'BAHASA', '2025-06-22 18:36:25', '2025-06-25 01:27:20'),
('1000000098', 'Ananda Wibowo', 'X', 'BAHASA', '2025-06-22 18:36:25', '2025-06-25 01:27:40'),
('1000000099', 'Lutfi Hanafi', 'X', 'BAHASA', '2025-06-22 18:36:25', '2025-06-25 01:28:00'),
('1000000100', 'Nuraini Putri', 'X', 'BAHASA', '2025-06-22 18:36:25', '2025-06-25 01:28:20'),
('1000000101', 'Bayu Saputra', 'X', 'BAHASA', '2025-06-22 18:36:25', '2025-06-25 01:28:40'),
('1000000102', 'Aulia Kurniasih', 'X', 'BAHASA', '2025-06-22 18:36:25', '2025-06-25 01:29:00'),
('1000000103', 'Dodi Santosa', 'X', 'BAHASA', '2025-06-22 18:36:25', '2025-06-25 01:29:20'),
('1000000104', 'Selvi Aulia', 'X', 'BAHASA', '2025-06-22 18:36:25', '2025-06-25 01:29:40'),
('1000000105', 'Aditia Rizki', 'X', 'BAHASA', '2025-06-22 18:36:25', '2025-06-25 01:30:00'),
('1000000106', 'Nabila Rahma', 'XI', 'BAHASA', '2025-06-22 18:36:25', '2025-06-25 01:30:20'),
('1000000107', 'Guntur Ardiansyah', 'XI', 'BAHASA', '2025-06-22 18:36:25', '2025-06-25 01:30:40'),
('1000000108', 'Putri Indah', 'XI', 'BAHASA', '2025-06-22 18:36:25', '2025-06-25 01:31:00'),
('1000000109', 'Dimas Hidayat', 'XI', 'BAHASA', '2025-06-22 18:36:25', '2025-06-25 01:31:20'),
('1000000110', 'Farah Nabila', 'XI', 'BAHASA', '2025-06-22 18:36:25', '2025-06-25 01:31:40'),
('1000000111', 'Rizky Amalia', 'XI', 'BAHASA', '2025-06-22 18:36:25', '2025-06-25 01:32:00'),
('1000000112', 'Hilman Fauzi', 'XI', 'BAHASA', '2025-06-22 18:36:25', '2025-06-25 01:32:20'),
('1000000113', 'Yuliawati', 'XI', 'BAHASA', '2025-06-22 18:36:25', '2025-06-25 01:32:40'),
('1000000114', 'Ahmad Faiz', 'XI', 'BAHASA', '2025-06-22 18:36:25', '2025-06-25 01:33:00'),
('1000000115', 'Silvia Novita', 'XI', 'BAHASA', '2025-06-22 18:36:25', '2025-06-25 01:33:20'),
('1000000116', 'Ardi Putra', 'XI', 'BAHASA', '2025-06-22 18:36:25', '2025-06-25 01:33:40'),
('1000000117', 'Zahra Mutiara', 'XI', 'BAHASA', '2025-06-22 18:36:25', '2025-06-25 01:34:00'),
('1000000118', 'Fikri Ramadhan', 'XI', 'BAHASA', '2025-06-22 18:36:25', '2025-06-25 01:34:20'),
('1000000119', 'Aurel Wijaya', 'XI', 'BAHASA', '2025-06-22 18:36:25', '2025-06-25 01:34:40'),
('1000000120', 'Iqbal Maulana', 'XI', 'BAHASA', '2025-06-22 18:36:25', '2025-06-25 01:35:00'),
('1000000121', 'Sarah Ayu', 'XII', 'BAHASA', '2025-06-22 18:36:25', '2025-06-25 01:35:20'),
('1000000122', 'Ridho Pratama', 'XII', 'BAHASA', '2025-06-22 18:36:25', '2025-06-25 01:35:40'),
('1000000123', 'Yasmin Azzahra', 'XII', 'BAHASA', '2025-06-22 18:36:25', '2025-06-25 01:36:00'),
('1000000124', 'Galang Saputra', 'XII', 'BAHASA', '2025-06-22 18:36:25', '2025-06-25 01:36:20'),
('1000000125', 'Tasya Amelia', 'XII', 'BAHASA', '2025-06-22 18:36:25', '2025-06-25 01:36:40'),
('1000000126', 'Rendi Oktavian', 'XII', 'BAHASA', '2025-06-22 18:36:25', '2025-06-25 01:37:00'),
('1000000127', 'Elvira Desi', 'XII', 'BAHASA', '2025-06-22 18:36:25', '2025-06-25 01:37:20'),
('1000000128', 'Andre Maulana', 'XII', 'BAHASA', '2025-06-22 18:36:25', '2025-06-25 01:37:40'),
('1000000129', 'Lina Wulandari', 'XII', 'BAHASA', '2025-06-22 18:36:25', '2025-06-25 01:38:00'),
('1000000130', 'Bobby Syahputra', 'XII', 'BAHASA', '2025-06-22 18:36:25', '2025-06-25 01:38:20'),
('1000000131', 'Yuni Rahmawati', 'XII', 'BAHASA', '2025-06-22 18:36:25', '2025-06-25 01:38:40'),
('1000000132', 'Tomi Gunawan', 'XII', 'BAHASA', '2025-06-22 18:36:25', '2025-06-25 01:39:00'),
('1000000133', 'Vina Safitri', 'XII', 'BAHASA', '2025-06-22 18:36:25', '2025-06-25 01:39:20'),
('1000000134', 'Riyan Ramadhan', 'XII', 'BAHASA', '2025-06-22 18:36:25', '2025-06-25 01:39:40'),
('1000000135', 'Maya Hidayati', 'XII', 'BAHASA', '2025-06-22 18:36:25', '2025-06-25 01:40:00');

-- --------------------------------------------------------

--
-- Table structure for table `bobot_kriteria`
--

CREATE TABLE `bobot_kriteria` (
  `id` bigint UNSIGNED NOT NULL,
  `kode_kriteria_1` varchar(5) COLLATE utf8mb4_unicode_ci NOT NULL,
  `nilai` double(8,2) NOT NULL,
  `kode_kriteria_2` varchar(5) COLLATE utf8mb4_unicode_ci NOT NULL
) ENGINE=InnoDB DEFAULT CHARSET=utf8mb4 COLLATE=utf8mb4_unicode_ci;

--
-- Dumping data for table `bobot_kriteria`
--

INSERT INTO `bobot_kriteria` (`id`, `kode_kriteria_1`, `nilai`, `kode_kriteria_2`) VALUES
(26, 'C1', 2.00, 'C2'),
(27, 'C2', 0.50, 'C1'),
(28, 'C1', 3.00, 'C3'),
(29, 'C3', 0.33, 'C1'),
(30, 'C1', 4.00, 'C4'),
(31, 'C4', 0.25, 'C1'),
(32, 'C1', 5.00, 'C5'),
(33, 'C5', 0.20, 'C1'),
(34, 'C2', 2.00, 'C3'),
(35, 'C3', 0.50, 'C2'),
(36, 'C2', 3.00, 'C4'),
(37, 'C4', 0.33, 'C2'),
(38, 'C2', 4.00, 'C5'),
(39, 'C5', 0.25, 'C2'),
(40, 'C3', 2.00, 'C4'),
(41, 'C4', 0.50, 'C3'),
(42, 'C3', 3.00, 'C5'),
(43, 'C5', 0.33, 'C3'),
(44, 'C4', 2.00, 'C5'),
(45, 'C5', 0.50, 'C4');

-- --------------------------------------------------------

--
-- Table structure for table `bobot_sub_kriteria`
--

CREATE TABLE `bobot_sub_kriteria` (
  `id` bigint UNSIGNED NOT NULL,
  `kode_sub_kriteria_1` varchar(5) COLLATE utf8mb4_unicode_ci NOT NULL,
  `nilai` double(8,2) NOT NULL,
  `kode_sub_kriteria_2` varchar(5) COLLATE utf8mb4_unicode_ci NOT NULL
) ENGINE=InnoDB DEFAULT CHARSET=utf8mb4 COLLATE=utf8mb4_unicode_ci;

--
-- Dumping data for table `bobot_sub_kriteria`
--

INSERT INTO `bobot_sub_kriteria` (`id`, `kode_sub_kriteria_1`, `nilai`, `kode_sub_kriteria_2`) VALUES
(1, 'SC1', 1.00, 'SC1'),
(2, 'SC1', 3.00, 'SC2'),
(3, 'SC1', 4.00, 'SC3'),
(4, 'SC2', 0.33, 'SC1'),
(5, 'SC2', 1.00, 'SC2'),
(6, 'SC2', 2.00, 'SC3'),
(7, 'SC3', 0.25, 'SC1'),
(8, 'SC3', 0.50, 'SC2'),
(9, 'SC3', 1.00, 'SC3'),
(10, 'SC4', 2.00, 'SC5'),
(11, 'SC5', 0.50, 'SC4'),
(12, 'SC4', 3.00, 'SC6'),
(13, 'SC6', 0.33, 'SC4'),
(14, 'SC5', 2.00, 'SC6'),
(15, 'SC6', 0.50, 'SC5'),
(16, 'SC7', 2.00, 'SC8'),
(17, 'SC8', 0.50, 'SC7'),
(18, 'SC7', 3.00, 'SC9'),
(19, 'SC9', 0.33, 'SC7'),
(20, 'SC8', 2.00, 'SC9'),
(21, 'SC9', 0.50, 'SC8'),
(22, 'SC10', 2.00, 'SC11'),
(23, 'SC11', 0.50, 'SC10'),
(24, 'SC10', 3.00, 'SC12'),
(25, 'SC12', 0.33, 'SC10'),
(26, 'SC11', 2.00, 'SC12'),
(27, 'SC12', 0.50, 'SC11'),
(28, 'SC13', 2.00, 'SC14'),
(29, 'SC14', 0.50, 'SC13'),
(30, 'SC13', 3.00, 'SC15'),
(31, 'SC15', 0.33, 'SC13'),
(32, 'SC14', 2.00, 'SC15'),
(33, 'SC15', 0.50, 'SC14');

-- --------------------------------------------------------

--
-- Table structure for table `kriteria`
--

CREATE TABLE `kriteria` (
  `kode` varchar(5) COLLATE utf8mb4_unicode_ci NOT NULL,
  `nama` varchar(50) COLLATE utf8mb4_unicode_ci NOT NULL,
  `created_at` timestamp NULL DEFAULT NULL,
  `updated_at` timestamp NULL DEFAULT NULL
) ENGINE=InnoDB DEFAULT CHARSET=utf8mb4 COLLATE=utf8mb4_unicode_ci;

--
-- Dumping data for table `kriteria`
--

INSERT INTO `kriteria` (`kode`, `nama`, `created_at`, `updated_at`) VALUES
('C1', 'Nilai Akademik', '2025-06-20 06:51:22', '2025-06-20 06:51:22'),
('C2', 'Prestasi Non Akademik', '2025-06-20 06:51:22', '2025-06-20 06:51:22'),
('C3', 'Disiplin', '2025-06-20 06:51:22', '2025-06-20 06:51:22'),
('C4', 'Keaktifan Organisasi', '2025-06-20 06:51:22', '2025-06-20 06:51:22'),
('C5', 'Sikap', '2025-06-20 06:51:22', '2025-06-20 06:51:22');

-- --------------------------------------------------------

--
-- Table structure for table `migrations`
--

CREATE TABLE `migrations` (
  `id` int UNSIGNED NOT NULL,
  `migration` varchar(255) COLLATE utf8mb4_unicode_ci NOT NULL,
  `batch` int NOT NULL
) ENGINE=InnoDB DEFAULT CHARSET=utf8mb4 COLLATE=utf8mb4_unicode_ci;

--
-- Dumping data for table `migrations`
--

INSERT INTO `migrations` (`id`, `migration`, `batch`) VALUES
(1, '2014_10_12_000000_create_users_table', 1),
(2, '2014_10_12_100000_create_password_resets_table', 1),
(3, '2019_11_19_210253_alternatif', 1),
(4, '2019_11_19_210318_kriteria', 1),
(5, '2019_11_19_210331_sub_kriteria', 1),
(6, '2019_11_19_210344_bobot_kriteria', 1),
(7, '2019_11_19_210353_bobot_sub_kriteria', 1),
(8, '2019_11_19_210414_nilai_alternatif', 1),
(9, '2019_12_14_000001_create_personal_access_tokens_table', 1);

-- --------------------------------------------------------

--
-- Table structure for table `nilai_alternatif`
--

CREATE TABLE `nilai_alternatif` (
  `id` bigint UNSIGNED NOT NULL,
  `nisn` varchar(10) COLLATE utf8mb4_unicode_ci NOT NULL,
  `kode_sub_kriteria` varchar(5) COLLATE utf8mb4_unicode_ci NOT NULL,
  `created_at` timestamp NULL DEFAULT NULL,
  `updated_at` timestamp NULL DEFAULT NULL
) ENGINE=InnoDB DEFAULT CHARSET=utf8mb4 COLLATE=utf8mb4_unicode_ci;

--
-- Dumping data for table `nilai_alternatif`
--

INSERT INTO `nilai_alternatif` (`id`, `nisn`, `kode_sub_kriteria`, `created_at`, `updated_at`) VALUES
(31, '1000000001', 'SC1', '2025-07-05 01:10:30', '2025-07-05 01:10:30'),
(32, '1000000001', 'SC4', '2025-07-05 01:10:30', '2025-07-05 01:10:30'),
(33, '1000000001', 'SC8', '2025-07-05 01:10:30', '2025-07-05 01:10:30'),
(34, '1000000001', 'SC10', '2025-07-05 01:10:30', '2025-07-05 01:10:30'),
(35, '1000000001', 'SC12', '2025-07-05 01:10:30', '2025-07-05 01:10:30'),
(36, '1000000002', 'SC2', '2025-07-05 01:10:30', '2025-07-05 01:10:30'),
(37, '1000000002', 'SC5', '2025-07-05 01:10:30', '2025-07-05 01:10:30'),
(38, '1000000002', 'SC9', '2025-07-05 01:10:30', '2025-07-05 01:10:30'),
(39, '1000000002', 'SC11', '2025-07-05 01:10:30', '2025-07-05 01:10:30'),
(40, '1000000002', 'SC15', '2025-07-05 01:10:30', '2025-07-05 01:10:30'),
(41, '1000000003', 'SC3', '2025-07-05 01:10:30', '2025-07-05 01:10:30'),
(42, '1000000003', 'SC6', '2025-07-05 01:10:30', '2025-07-05 01:10:30'),
(43, '1000000003', 'SC7', '2025-07-05 01:10:30', '2025-07-05 01:10:30'),
(44, '1000000003', 'SC10', '2025-07-05 01:10:30', '2025-07-05 01:10:30'),
(45, '1000000003', 'SC14', '2025-07-05 01:10:30', '2025-07-05 01:10:30'),
(46, '1000000004', 'SC1', '2025-07-05 01:10:30', '2025-07-05 01:10:30'),
(47, '1000000004', 'SC5', '2025-07-05 01:10:30', '2025-07-05 01:10:30'),
(48, '1000000004', 'SC9', '2025-07-05 01:10:30', '2025-07-05 01:10:30'),
(49, '1000000004', 'SC11', '2025-07-05 01:10:30', '2025-07-05 01:10:30'),
(50, '1000000004', 'SC13', '2025-07-05 01:10:30', '2025-07-05 01:10:30'),
(51, '1000000005', 'SC2', '2025-07-05 01:10:30', '2025-07-05 01:10:30'),
(52, '1000000005', 'SC4', '2025-07-05 01:10:30', '2025-07-05 01:10:30'),
(53, '1000000005', 'SC7', '2025-07-05 01:10:30', '2025-07-05 01:10:30'),
(54, '1000000005', 'SC10', '2025-07-05 01:10:30', '2025-07-05 01:10:30'),
(55, '1000000005', 'SC15', '2025-07-05 01:10:30', '2025-07-05 01:10:30'),
(56, '1000000006', 'SC1', '2025-07-05 01:10:30', '2025-07-05 01:10:30'),
(57, '1000000006', 'SC6', '2025-07-05 01:10:30', '2025-07-05 01:10:30'),
(58, '1000000006', 'SC8', '2025-07-05 01:10:30', '2025-07-05 01:10:30'),
(59, '1000000006', 'SC11', '2025-07-05 01:10:30', '2025-07-05 01:10:30'),
(60, '1000000006', 'SC13', '2025-07-05 01:10:30', '2025-07-05 01:10:30'),
(61, '1000000007', 'SC2', '2025-07-05 01:10:30', '2025-07-05 01:10:30'),
(62, '1000000007', 'SC5', '2025-07-05 01:10:30', '2025-07-05 01:10:30'),
(63, '1000000007', 'SC9', '2025-07-05 01:10:30', '2025-07-05 01:10:30'),
(64, '1000000007', 'SC10', '2025-07-05 01:10:30', '2025-07-05 01:10:30'),
(65, '1000000007', 'SC14', '2025-07-05 01:10:30', '2025-07-05 01:10:30'),
(66, '1000000008', 'SC3', '2025-07-05 01:10:30', '2025-07-05 01:10:30'),
(67, '1000000008', 'SC4', '2025-07-05 01:10:30', '2025-07-05 01:10:30'),
(68, '1000000008', 'SC8', '2025-07-05 01:10:30', '2025-07-05 01:10:30'),
(69, '1000000008', 'SC12', '2025-07-05 01:10:30', '2025-07-05 01:10:30'),
(70, '1000000008', 'SC15', '2025-07-05 01:10:30', '2025-07-05 01:10:30'),
(71, '1000000009', 'SC1', '2025-07-05 01:10:30', '2025-07-05 01:10:30'),
(72, '1000000009', 'SC5', '2025-07-05 01:10:30', '2025-07-05 01:10:30'),
(73, '1000000009', 'SC9', '2025-07-05 01:10:30', '2025-07-05 01:10:30'),
(74, '1000000009', 'SC10', '2025-07-05 01:10:30', '2025-07-05 01:10:30'),
(75, '1000000009', 'SC14', '2025-07-05 01:10:30', '2025-07-05 01:10:30'),
(76, '1000000010', 'SC2', '2025-07-05 01:10:30', '2025-07-05 01:10:30'),
(77, '1000000010', 'SC6', '2025-07-05 01:10:30', '2025-07-05 01:10:30'),
(78, '1000000010', 'SC7', '2025-07-05 01:10:30', '2025-07-05 01:10:30'),
(79, '1000000010', 'SC11', '2025-07-05 01:10:30', '2025-07-05 01:10:30'),
(80, '1000000010', 'SC13', '2025-07-05 01:10:30', '2025-07-05 01:10:30'),
(81, '1000000011', 'SC3', '2025-07-05 01:10:30', '2025-07-05 01:10:30'),
(82, '1000000011', 'SC4', '2025-07-05 01:10:30', '2025-07-05 01:10:30'),
(83, '1000000011', 'SC8', '2025-07-05 01:10:30', '2025-07-05 01:10:30'),
(84, '1000000011', 'SC12', '2025-07-05 01:10:30', '2025-07-05 01:10:30'),
(85, '1000000011', 'SC14', '2025-07-05 01:10:30', '2025-07-05 01:10:30'),
(86, '1000000012', 'SC1', '2025-07-05 01:10:30', '2025-07-05 01:10:30'),
(87, '1000000012', 'SC5', '2025-07-05 01:10:30', '2025-07-05 01:10:30'),
(88, '1000000012', 'SC9', '2025-07-05 01:10:30', '2025-07-05 01:10:30'),
(89, '1000000012', 'SC10', '2025-07-05 01:10:30', '2025-07-05 01:10:30'),
(90, '1000000012', 'SC15', '2025-07-05 01:10:30', '2025-07-05 01:10:30'),
(91, '1000000013', 'SC2', '2025-07-05 01:10:30', '2025-07-05 01:10:30'),
(92, '1000000013', 'SC6', '2025-07-05 01:10:30', '2025-07-05 01:10:30'),
(93, '1000000013', 'SC7', '2025-07-05 01:10:30', '2025-07-05 01:10:30'),
(94, '1000000013', 'SC11', '2025-07-05 01:10:30', '2025-07-05 01:10:30'),
(95, '1000000013', 'SC14', '2025-07-05 01:10:30', '2025-07-05 01:10:30'),
(96, '1000000014', 'SC3', '2025-07-05 01:10:30', '2025-07-05 01:10:30'),
(97, '1000000014', 'SC4', '2025-07-05 01:10:30', '2025-07-05 01:10:30'),
(98, '1000000014', 'SC8', '2025-07-05 01:10:30', '2025-07-05 01:10:30'),
(99, '1000000014', 'SC12', '2025-07-05 01:10:30', '2025-07-05 01:10:30'),
(100, '1000000014', 'SC13', '2025-07-05 01:10:30', '2025-07-05 01:10:30'),
(101, '1000000015', 'SC1', '2025-07-05 01:10:30', '2025-07-05 01:10:30'),
(102, '1000000015', 'SC6', '2025-07-05 01:10:30', '2025-07-05 01:10:30'),
(103, '1000000015', 'SC9', '2025-07-05 01:10:30', '2025-07-05 01:10:30'),
(104, '1000000015', 'SC10', '2025-07-05 01:10:30', '2025-07-05 01:10:30'),
(105, '1000000015', 'SC14', '2025-07-05 01:10:30', '2025-07-05 01:10:30'),
(106, '1000000016', 'SC1', '2025-07-05 01:10:30', '2025-07-05 01:10:30'),
(107, '1000000016', 'SC4', '2025-07-05 01:10:30', '2025-07-05 01:10:30'),
(108, '1000000016', 'SC8', '2025-07-05 01:10:30', '2025-07-05 01:10:30'),
(109, '1000000016', 'SC10', '2025-07-05 01:10:30', '2025-07-05 01:10:30'),
(110, '1000000016', 'SC12', '2025-07-05 01:10:30', '2025-07-05 01:10:30'),
(111, '1000000017', 'SC2', '2025-07-05 01:10:30', '2025-07-05 01:10:30'),
(112, '1000000017', 'SC5', '2025-07-05 01:10:30', '2025-07-05 01:10:30'),
(113, '1000000017', 'SC9', '2025-07-05 01:10:30', '2025-07-05 01:10:30'),
(114, '1000000017', 'SC11', '2025-07-05 01:10:30', '2025-07-05 01:10:30'),
(115, '1000000017', 'SC15', '2025-07-05 01:10:30', '2025-07-05 01:10:30'),
(116, '1000000018', 'SC3', '2025-07-05 01:10:30', '2025-07-05 01:10:30'),
(117, '1000000018', 'SC6', '2025-07-05 01:10:30', '2025-07-05 01:10:30'),
(118, '1000000018', 'SC7', '2025-07-05 01:10:30', '2025-07-05 01:10:30'),
(119, '1000000018', 'SC10', '2025-07-05 01:10:30', '2025-07-05 01:10:30'),
(120, '1000000018', 'SC14', '2025-07-05 01:10:30', '2025-07-05 01:10:30'),
(121, '1000000019', 'SC1', '2025-07-05 01:10:30', '2025-07-05 01:10:30'),
(122, '1000000019', 'SC5', '2025-07-05 01:10:30', '2025-07-05 01:10:30'),
(123, '1000000019', 'SC9', '2025-07-05 01:10:30', '2025-07-05 01:10:30'),
(124, '1000000019', 'SC11', '2025-07-05 01:10:30', '2025-07-05 01:10:30'),
(125, '1000000019', 'SC13', '2025-07-05 01:10:30', '2025-07-05 01:10:30'),
(126, '1000000020', 'SC2', '2025-07-05 01:10:30', '2025-07-05 01:10:30'),
(127, '1000000020', 'SC4', '2025-07-05 01:10:30', '2025-07-05 01:10:30'),
(128, '1000000020', 'SC7', '2025-07-05 01:10:30', '2025-07-05 01:10:30'),
(129, '1000000020', 'SC10', '2025-07-05 01:10:30', '2025-07-05 01:10:30'),
(130, '1000000020', 'SC15', '2025-07-05 01:10:30', '2025-07-05 01:10:30'),
(131, '1000000021', 'SC1', '2025-07-05 01:10:30', '2025-07-05 01:10:30'),
(132, '1000000021', 'SC6', '2025-07-05 01:10:30', '2025-07-05 01:10:30'),
(133, '1000000021', 'SC8', '2025-07-05 01:10:30', '2025-07-05 01:10:30'),
(134, '1000000021', 'SC11', '2025-07-05 01:10:30', '2025-07-05 01:10:30'),
(135, '1000000021', 'SC13', '2025-07-05 01:10:30', '2025-07-05 01:10:30'),
(136, '1000000022', 'SC2', '2025-07-05 01:10:30', '2025-07-05 01:10:30'),
(137, '1000000022', 'SC5', '2025-07-05 01:10:30', '2025-07-05 01:10:30'),
(138, '1000000022', 'SC9', '2025-07-05 01:10:30', '2025-07-05 01:10:30'),
(139, '1000000022', 'SC10', '2025-07-05 01:10:30', '2025-07-05 01:10:30'),
(140, '1000000022', 'SC14', '2025-07-05 01:10:30', '2025-07-05 01:10:30'),
(141, '1000000023', 'SC3', '2025-07-05 01:10:30', '2025-07-05 01:10:30'),
(142, '1000000023', 'SC4', '2025-07-05 01:10:30', '2025-07-05 01:10:30'),
(143, '1000000023', 'SC8', '2025-07-05 01:10:30', '2025-07-05 01:10:30'),
(144, '1000000023', 'SC12', '2025-07-05 01:10:30', '2025-07-05 01:10:30'),
(145, '1000000023', 'SC15', '2025-07-05 01:10:30', '2025-07-05 01:10:30'),
(146, '1000000024', 'SC1', '2025-07-05 01:10:30', '2025-07-05 01:10:30'),
(147, '1000000024', 'SC5', '2025-07-05 01:10:30', '2025-07-05 01:10:30'),
(148, '1000000024', 'SC9', '2025-07-05 01:10:30', '2025-07-05 01:10:30'),
(149, '1000000024', 'SC10', '2025-07-05 01:10:30', '2025-07-05 01:10:30'),
(150, '1000000024', 'SC14', '2025-07-05 01:10:30', '2025-07-05 01:10:30'),
(151, '1000000025', 'SC2', '2025-07-05 01:10:30', '2025-07-05 01:10:30'),
(152, '1000000025', 'SC6', '2025-07-05 01:10:30', '2025-07-05 01:10:30'),
(153, '1000000025', 'SC7', '2025-07-05 01:10:30', '2025-07-05 01:10:30'),
(154, '1000000025', 'SC11', '2025-07-05 01:10:30', '2025-07-05 01:10:30'),
(155, '1000000025', 'SC13', '2025-07-05 01:10:30', '2025-07-05 01:10:30'),
(156, '1000000026', 'SC3', '2025-07-05 01:10:30', '2025-07-05 01:10:30'),
(157, '1000000026', 'SC4', '2025-07-05 01:10:30', '2025-07-05 01:10:30'),
(158, '1000000026', 'SC8', '2025-07-05 01:10:30', '2025-07-05 01:10:30'),
(159, '1000000026', 'SC12', '2025-07-05 01:10:30', '2025-07-05 01:10:30'),
(160, '1000000026', 'SC14', '2025-07-05 01:10:30', '2025-07-05 01:10:30'),
(161, '1000000027', 'SC1', '2025-07-05 01:10:30', '2025-07-05 01:10:30'),
(162, '1000000027', 'SC5', '2025-07-05 01:10:30', '2025-07-05 01:10:30'),
(163, '1000000027', 'SC9', '2025-07-05 01:10:30', '2025-07-05 01:10:30'),
(164, '1000000027', 'SC10', '2025-07-05 01:10:30', '2025-07-05 01:10:30'),
(165, '1000000027', 'SC15', '2025-07-05 01:10:30', '2025-07-05 01:10:30'),
(166, '1000000028', 'SC2', '2025-07-05 01:10:30', '2025-07-05 01:10:30'),
(167, '1000000028', 'SC6', '2025-07-05 01:10:30', '2025-07-05 01:10:30'),
(168, '1000000028', 'SC7', '2025-07-05 01:10:30', '2025-07-05 01:10:30'),
(169, '1000000028', 'SC11', '2025-07-05 01:10:30', '2025-07-05 01:10:30'),
(170, '1000000028', 'SC14', '2025-07-05 01:10:30', '2025-07-05 01:10:30'),
(171, '1000000029', 'SC3', '2025-07-05 01:10:30', '2025-07-05 01:10:30'),
(172, '1000000029', 'SC4', '2025-07-05 01:10:30', '2025-07-05 01:10:30'),
(173, '1000000029', 'SC8', '2025-07-05 01:10:30', '2025-07-05 01:10:30'),
(174, '1000000029', 'SC12', '2025-07-05 01:10:30', '2025-07-05 01:10:30'),
(175, '1000000029', 'SC13', '2025-07-05 01:10:30', '2025-07-05 01:10:30'),
(176, '1000000030', 'SC1', '2025-07-05 01:10:30', '2025-07-05 01:10:30'),
(177, '1000000030', 'SC6', '2025-07-05 01:10:30', '2025-07-05 01:10:30'),
(178, '1000000030', 'SC9', '2025-07-05 01:10:30', '2025-07-05 01:10:30'),
(179, '1000000030', 'SC10', '2025-07-05 01:10:30', '2025-07-05 01:10:30'),
(180, '1000000030', 'SC14', '2025-07-05 01:10:30', '2025-07-05 01:10:30'),
(181, '1000000031', 'SC1', '2025-07-05 01:10:30', '2025-07-05 01:10:30'),
(182, '1000000031', 'SC4', '2025-07-05 01:10:30', '2025-07-05 01:10:30'),
(183, '1000000031', 'SC8', '2025-07-05 01:10:30', '2025-07-05 01:10:30'),
(184, '1000000031', 'SC10', '2025-07-05 01:10:30', '2025-07-05 01:10:30'),
(185, '1000000031', 'SC12', '2025-07-05 01:10:30', '2025-07-05 01:10:30'),
(186, '1000000032', 'SC2', '2025-07-05 01:10:30', '2025-07-05 01:10:30'),
(187, '1000000032', 'SC5', '2025-07-05 01:10:30', '2025-07-05 01:10:30'),
(188, '1000000032', 'SC9', '2025-07-05 01:10:30', '2025-07-05 01:10:30'),
(189, '1000000032', 'SC11', '2025-07-05 01:10:30', '2025-07-05 01:10:30'),
(190, '1000000032', 'SC15', '2025-07-05 01:10:30', '2025-07-05 01:10:30'),
(191, '1000000033', 'SC3', '2025-07-05 01:10:30', '2025-07-05 01:10:30'),
(192, '1000000033', 'SC6', '2025-07-05 01:10:30', '2025-07-05 01:10:30'),
(193, '1000000033', 'SC7', '2025-07-05 01:10:30', '2025-07-05 01:10:30'),
(194, '1000000033', 'SC10', '2025-07-05 01:10:30', '2025-07-05 01:10:30'),
(195, '1000000033', 'SC14', '2025-07-05 01:10:30', '2025-07-05 01:10:30'),
(196, '1000000034', 'SC1', '2025-07-05 01:10:30', '2025-07-05 01:10:30'),
(197, '1000000034', 'SC5', '2025-07-05 01:10:30', '2025-07-05 01:10:30'),
(198, '1000000034', 'SC9', '2025-07-05 01:10:30', '2025-07-05 01:10:30'),
(199, '1000000034', 'SC11', '2025-07-05 01:10:30', '2025-07-05 01:10:30'),
(200, '1000000034', 'SC13', '2025-07-05 01:10:30', '2025-07-05 01:10:30'),
(201, '1000000035', 'SC2', '2025-07-05 01:10:30', '2025-07-05 01:10:30'),
(202, '1000000035', 'SC4', '2025-07-05 01:10:30', '2025-07-05 01:10:30'),
(203, '1000000035', 'SC7', '2025-07-05 01:10:30', '2025-07-05 01:10:30'),
(204, '1000000035', 'SC10', '2025-07-05 01:10:30', '2025-07-05 01:10:30'),
(205, '1000000035', 'SC15', '2025-07-05 01:10:30', '2025-07-05 01:10:30'),
(206, '1000000036', 'SC1', '2025-07-05 01:10:30', '2025-07-05 01:10:30'),
(207, '1000000036', 'SC6', '2025-07-05 01:10:30', '2025-07-05 01:10:30'),
(208, '1000000036', 'SC8', '2025-07-05 01:10:30', '2025-07-05 01:10:30'),
(209, '1000000036', 'SC11', '2025-07-05 01:10:30', '2025-07-05 01:10:30'),
(210, '1000000036', 'SC13', '2025-07-05 01:10:30', '2025-07-05 01:10:30'),
(211, '1000000037', 'SC2', '2025-07-05 01:10:30', '2025-07-05 01:10:30'),
(212, '1000000037', 'SC5', '2025-07-05 01:10:30', '2025-07-05 01:10:30'),
(213, '1000000037', 'SC9', '2025-07-05 01:10:30', '2025-07-05 01:10:30'),
(214, '1000000037', 'SC10', '2025-07-05 01:10:30', '2025-07-05 01:10:30'),
(215, '1000000037', 'SC14', '2025-07-05 01:10:30', '2025-07-05 01:10:30'),
(216, '1000000038', 'SC3', '2025-07-05 01:10:30', '2025-07-05 01:10:30'),
(217, '1000000038', 'SC4', '2025-07-05 01:10:30', '2025-07-05 01:10:30'),
(218, '1000000038', 'SC8', '2025-07-05 01:10:30', '2025-07-05 01:10:30'),
(219, '1000000038', 'SC12', '2025-07-05 01:10:30', '2025-07-05 01:10:30'),
(220, '1000000038', 'SC15', '2025-07-05 01:10:30', '2025-07-05 01:10:30'),
(221, '1000000039', 'SC1', '2025-07-05 01:10:30', '2025-07-05 01:10:30'),
(222, '1000000039', 'SC5', '2025-07-05 01:10:30', '2025-07-05 01:10:30'),
(223, '1000000039', 'SC9', '2025-07-05 01:10:30', '2025-07-05 01:10:30'),
(224, '1000000039', 'SC10', '2025-07-05 01:10:30', '2025-07-05 01:10:30'),
(225, '1000000039', 'SC14', '2025-07-05 01:10:30', '2025-07-05 01:10:30'),
(226, '1000000040', 'SC2', '2025-07-05 01:10:30', '2025-07-05 01:10:30'),
(227, '1000000040', 'SC6', '2025-07-05 01:10:30', '2025-07-05 01:10:30'),
(228, '1000000040', 'SC7', '2025-07-05 01:10:30', '2025-07-05 01:10:30'),
(229, '1000000040', 'SC11', '2025-07-05 01:10:30', '2025-07-05 01:10:30'),
(230, '1000000040', 'SC13', '2025-07-05 01:10:30', '2025-07-05 01:10:30'),
(231, '1000000041', 'SC3', '2025-07-05 01:10:30', '2025-07-05 01:10:30'),
(232, '1000000041', 'SC4', '2025-07-05 01:10:30', '2025-07-05 01:10:30'),
(233, '1000000041', 'SC8', '2025-07-05 01:10:30', '2025-07-05 01:10:30'),
(234, '1000000041', 'SC12', '2025-07-05 01:10:30', '2025-07-05 01:10:30'),
(235, '1000000041', 'SC14', '2025-07-05 01:10:30', '2025-07-05 01:10:30'),
(236, '1000000042', 'SC1', '2025-07-05 01:10:30', '2025-07-05 01:10:30'),
(237, '1000000042', 'SC5', '2025-07-05 01:10:30', '2025-07-05 01:10:30'),
(238, '1000000042', 'SC9', '2025-07-05 01:10:30', '2025-07-05 01:10:30'),
(239, '1000000042', 'SC10', '2025-07-05 01:10:30', '2025-07-05 01:10:30'),
(240, '1000000042', 'SC15', '2025-07-05 01:10:30', '2025-07-05 01:10:30'),
(241, '1000000043', 'SC2', '2025-07-05 01:10:30', '2025-07-05 01:10:30'),
(242, '1000000043', 'SC6', '2025-07-05 01:10:30', '2025-07-05 01:10:30'),
(243, '1000000043', 'SC7', '2025-07-05 01:10:30', '2025-07-05 01:10:30'),
(244, '1000000043', 'SC11', '2025-07-05 01:10:30', '2025-07-05 01:10:30'),
(245, '1000000043', 'SC14', '2025-07-05 01:10:30', '2025-07-05 01:10:30'),
(246, '1000000044', 'SC3', '2025-07-05 01:10:30', '2025-07-05 01:10:30'),
(247, '1000000044', 'SC4', '2025-07-05 01:10:30', '2025-07-05 01:10:30'),
(248, '1000000044', 'SC8', '2025-07-05 01:10:30', '2025-07-05 01:10:30'),
(249, '1000000044', 'SC12', '2025-07-05 01:10:30', '2025-07-05 01:10:30'),
(250, '1000000044', 'SC13', '2025-07-05 01:10:30', '2025-07-05 01:10:30'),
(251, '1000000045', 'SC1', '2025-07-05 01:10:30', '2025-07-05 01:10:30'),
(252, '1000000045', 'SC6', '2025-07-05 01:10:30', '2025-07-05 01:10:30'),
(253, '1000000045', 'SC9', '2025-07-05 01:10:30', '2025-07-05 01:10:30'),
(254, '1000000045', 'SC10', '2025-07-05 01:10:30', '2025-07-05 01:10:30'),
(255, '1000000045', 'SC14', '2025-07-05 01:10:30', '2025-07-05 01:10:30'),
(256, '1000000046', 'SC2', '2025-07-05 01:10:30', '2025-07-05 01:10:30'),
(257, '1000000046', 'SC5', '2025-07-05 01:10:30', '2025-07-05 01:10:30'),
(258, '1000000046', 'SC8', '2025-07-05 01:10:30', '2025-07-05 01:10:30'),
(259, '1000000046', 'SC12', '2025-07-05 01:10:30', '2025-07-05 01:10:30'),
(260, '1000000046', 'SC14', '2025-07-05 01:10:30', '2025-07-05 01:10:30'),
(261, '1000000047', 'SC1', '2025-07-05 01:10:30', '2025-07-05 01:10:30'),
(262, '1000000047', 'SC4', '2025-07-05 01:10:30', '2025-07-05 01:10:30'),
(263, '1000000047', 'SC7', '2025-07-05 01:10:30', '2025-07-05 01:10:30'),
(264, '1000000047', 'SC11', '2025-07-05 01:10:30', '2025-07-05 01:10:30'),
(265, '1000000047', 'SC13', '2025-07-05 01:10:30', '2025-07-05 01:10:30'),
(266, '1000000048', 'SC2', '2025-07-05 01:10:30', '2025-07-05 01:10:30'),
(267, '1000000048', 'SC6', '2025-07-05 01:10:30', '2025-07-05 01:10:30'),
(268, '1000000048', 'SC9', '2025-07-05 01:10:30', '2025-07-05 01:10:30'),
(269, '1000000048', 'SC10', '2025-07-05 01:10:30', '2025-07-05 01:10:30'),
(270, '1000000048', 'SC15', '2025-07-05 01:10:30', '2025-07-05 01:10:30'),
(271, '1000000049', 'SC3', '2025-07-05 01:10:30', '2025-07-05 01:10:30'),
(272, '1000000049', 'SC5', '2025-07-05 01:10:30', '2025-07-05 01:10:30'),
(273, '1000000049', 'SC7', '2025-07-05 01:10:30', '2025-07-05 01:10:30'),
(274, '1000000049', 'SC11', '2025-07-05 01:10:30', '2025-07-05 01:10:30'),
(275, '1000000049', 'SC13', '2025-07-05 01:10:30', '2025-07-05 01:10:30'),
(276, '1000000050', 'SC1', '2025-07-05 01:10:30', '2025-07-05 01:10:30'),
(277, '1000000050', 'SC6', '2025-07-05 01:10:30', '2025-07-05 01:10:30'),
(278, '1000000050', 'SC8', '2025-07-05 01:10:30', '2025-07-05 01:10:30'),
(279, '1000000050', 'SC12', '2025-07-05 01:10:30', '2025-07-05 01:10:30'),
(280, '1000000050', 'SC14', '2025-07-05 01:10:30', '2025-07-05 01:10:30'),
(281, '1000000051', 'SC2', '2025-07-05 01:10:30', '2025-07-05 01:10:30'),
(282, '1000000051', 'SC5', '2025-07-05 01:10:30', '2025-07-05 01:10:30'),
(283, '1000000051', 'SC9', '2025-07-05 01:10:30', '2025-07-05 01:10:30'),
(284, '1000000051', 'SC10', '2025-07-05 01:10:30', '2025-07-05 01:10:30'),
(285, '1000000051', 'SC13', '2025-07-05 01:10:30', '2025-07-05 01:10:30'),
(286, '1000000052', 'SC3', '2025-07-05 01:10:30', '2025-07-05 01:10:30'),
(287, '1000000052', 'SC4', '2025-07-05 01:10:30', '2025-07-05 01:10:30'),
(288, '1000000052', 'SC8', '2025-07-05 01:10:30', '2025-07-05 01:10:30'),
(289, '1000000052', 'SC12', '2025-07-05 01:10:30', '2025-07-05 01:10:30'),
(290, '1000000052', 'SC15', '2025-07-05 01:10:30', '2025-07-05 01:10:30'),
(291, '1000000053', 'SC1', '2025-07-05 01:10:30', '2025-07-05 01:10:30'),
(292, '1000000053', 'SC5', '2025-07-05 01:10:30', '2025-07-05 01:10:30'),
(293, '1000000053', 'SC9', '2025-07-05 01:10:30', '2025-07-05 01:10:30'),
(294, '1000000053', 'SC11', '2025-07-05 01:10:30', '2025-07-05 01:10:30'),
(295, '1000000053', 'SC14', '2025-07-05 01:10:30', '2025-07-05 01:10:30'),
(296, '1000000054', 'SC2', '2025-07-05 01:10:30', '2025-07-05 01:10:30'),
(297, '1000000054', 'SC6', '2025-07-05 01:10:30', '2025-07-05 01:10:30'),
(298, '1000000054', 'SC7', '2025-07-05 01:10:30', '2025-07-05 01:10:30'),
(299, '1000000054', 'SC11', '2025-07-05 01:10:30', '2025-07-05 01:10:30'),
(300, '1000000054', 'SC13', '2025-07-05 01:10:30', '2025-07-05 01:10:30'),
(301, '1000000055', 'SC3', '2025-07-05 01:10:30', '2025-07-05 01:10:30'),
(302, '1000000055', 'SC4', '2025-07-05 01:10:30', '2025-07-05 01:10:30'),
(303, '1000000055', 'SC8', '2025-07-05 01:10:30', '2025-07-05 01:10:30'),
(304, '1000000055', 'SC12', '2025-07-05 01:10:30', '2025-07-05 01:10:30'),
(305, '1000000055', 'SC15', '2025-07-05 01:10:30', '2025-07-05 01:10:30'),
(306, '1000000056', 'SC1', '2025-07-05 01:10:30', '2025-07-05 01:10:30'),
(307, '1000000056', 'SC6', '2025-07-05 01:10:30', '2025-07-05 01:10:30'),
(308, '1000000056', 'SC9', '2025-07-05 01:10:30', '2025-07-05 01:10:30'),
(309, '1000000056', 'SC10', '2025-07-05 01:10:30', '2025-07-05 01:10:30'),
(310, '1000000056', 'SC14', '2025-07-05 01:10:30', '2025-07-05 01:10:30'),
(311, '1000000057', 'SC2', '2025-07-05 01:10:30', '2025-07-05 01:10:30'),
(312, '1000000057', 'SC5', '2025-07-05 01:10:30', '2025-07-05 01:10:30'),
(313, '1000000057', 'SC8', '2025-07-05 01:10:30', '2025-07-05 01:10:30'),
(314, '1000000057', 'SC11', '2025-07-05 01:10:30', '2025-07-05 01:10:30'),
(315, '1000000057', 'SC13', '2025-07-05 01:10:30', '2025-07-05 01:10:30'),
(316, '1000000058', 'SC3', '2025-07-05 01:10:30', '2025-07-05 01:10:30'),
(317, '1000000058', 'SC4', '2025-07-05 01:10:30', '2025-07-05 01:10:30'),
(318, '1000000058', 'SC7', '2025-07-05 01:10:30', '2025-07-05 01:10:30'),
(319, '1000000058', 'SC10', '2025-07-05 01:10:30', '2025-07-05 01:10:30'),
(320, '1000000058', 'SC15', '2025-07-05 01:10:30', '2025-07-05 01:10:30'),
(321, '1000000059', 'SC1', '2025-07-05 01:10:30', '2025-07-05 01:10:30'),
(322, '1000000059', 'SC6', '2025-07-05 01:10:30', '2025-07-05 01:10:30'),
(323, '1000000059', 'SC8', '2025-07-05 01:10:30', '2025-07-05 01:10:30'),
(324, '1000000059', 'SC12', '2025-07-05 01:10:30', '2025-07-05 01:10:30'),
(325, '1000000059', 'SC14', '2025-07-05 01:10:30', '2025-07-05 01:10:30'),
(326, '1000000060', 'SC2', '2025-07-05 01:10:30', '2025-07-05 01:10:30'),
(327, '1000000060', 'SC5', '2025-07-05 01:10:30', '2025-07-05 01:10:30'),
(328, '1000000060', 'SC9', '2025-07-05 01:10:30', '2025-07-05 01:10:30'),
(329, '1000000060', 'SC11', '2025-07-05 01:10:30', '2025-07-05 01:10:30'),
(330, '1000000060', 'SC13', '2025-07-05 01:10:30', '2025-07-05 01:10:30'),
(331, '1000000061', 'SC1', '2025-07-05 01:10:30', '2025-07-05 01:10:30'),
(332, '1000000061', 'SC4', '2025-07-05 01:10:30', '2025-07-05 01:10:30'),
(333, '1000000061', 'SC8', '2025-07-05 01:10:30', '2025-07-05 01:10:30'),
(334, '1000000061', 'SC10', '2025-07-05 01:10:30', '2025-07-05 01:10:30'),
(335, '1000000061', 'SC12', '2025-07-05 01:10:30', '2025-07-05 01:10:30'),
(336, '1000000062', 'SC2', '2025-07-05 01:10:30', '2025-07-05 01:10:30'),
(337, '1000000062', 'SC5', '2025-07-05 01:10:30', '2025-07-05 01:10:30'),
(338, '1000000062', 'SC9', '2025-07-05 01:10:30', '2025-07-05 01:10:30'),
(339, '1000000062', 'SC11', '2025-07-05 01:10:30', '2025-07-05 01:10:30'),
(340, '1000000062', 'SC15', '2025-07-05 01:10:30', '2025-07-05 01:10:30'),
(341, '1000000063', 'SC3', '2025-07-05 01:10:30', '2025-07-05 01:10:30'),
(342, '1000000063', 'SC6', '2025-07-05 01:10:30', '2025-07-05 01:10:30'),
(343, '1000000063', 'SC7', '2025-07-05 01:10:30', '2025-07-05 01:10:30'),
(344, '1000000063', 'SC10', '2025-07-05 01:10:30', '2025-07-05 01:10:30'),
(345, '1000000063', 'SC14', '2025-07-05 01:10:30', '2025-07-05 01:10:30'),
(346, '1000000064', 'SC1', '2025-07-05 01:10:30', '2025-07-05 01:10:30'),
(347, '1000000064', 'SC5', '2025-07-05 01:10:30', '2025-07-05 01:10:30'),
(348, '1000000064', 'SC9', '2025-07-05 01:10:30', '2025-07-05 01:10:30'),
(349, '1000000064', 'SC11', '2025-07-05 01:10:30', '2025-07-05 01:10:30'),
(350, '1000000064', 'SC13', '2025-07-05 01:10:30', '2025-07-05 01:10:30'),
(351, '1000000065', 'SC2', '2025-07-05 01:10:30', '2025-07-05 01:10:30'),
(352, '1000000065', 'SC4', '2025-07-05 01:10:30', '2025-07-05 01:10:30'),
(353, '1000000065', 'SC7', '2025-07-05 01:10:30', '2025-07-05 01:10:30'),
(354, '1000000065', 'SC10', '2025-07-05 01:10:30', '2025-07-05 01:10:30'),
(355, '1000000065', 'SC15', '2025-07-05 01:10:30', '2025-07-05 01:10:30'),
(356, '1000000066', 'SC1', '2025-07-05 01:10:30', '2025-07-05 01:10:30'),
(357, '1000000066', 'SC6', '2025-07-05 01:10:30', '2025-07-05 01:10:30'),
(358, '1000000066', 'SC8', '2025-07-05 01:10:30', '2025-07-05 01:10:30'),
(359, '1000000066', 'SC11', '2025-07-05 01:10:30', '2025-07-05 01:10:30'),
(360, '1000000066', 'SC13', '2025-07-05 01:10:30', '2025-07-05 01:10:30'),
(361, '1000000067', 'SC2', '2025-07-05 01:10:30', '2025-07-05 01:10:30'),
(362, '1000000067', 'SC5', '2025-07-05 01:10:30', '2025-07-05 01:10:30'),
(363, '1000000067', 'SC9', '2025-07-05 01:10:30', '2025-07-05 01:10:30'),
(364, '1000000067', 'SC10', '2025-07-05 01:10:30', '2025-07-05 01:10:30'),
(365, '1000000067', 'SC14', '2025-07-05 01:10:30', '2025-07-05 01:10:30'),
(366, '1000000068', 'SC3', '2025-07-05 01:10:30', '2025-07-05 01:10:30'),
(367, '1000000068', 'SC4', '2025-07-05 01:10:30', '2025-07-05 01:10:30'),
(368, '1000000068', 'SC8', '2025-07-05 01:10:30', '2025-07-05 01:10:30'),
(369, '1000000068', 'SC12', '2025-07-05 01:10:30', '2025-07-05 01:10:30'),
(370, '1000000068', 'SC15', '2025-07-05 01:10:30', '2025-07-05 01:10:30'),
(371, '1000000069', 'SC1', '2025-07-05 01:10:30', '2025-07-05 01:10:30'),
(372, '1000000069', 'SC5', '2025-07-05 01:10:30', '2025-07-05 01:10:30'),
(373, '1000000069', 'SC9', '2025-07-05 01:10:30', '2025-07-05 01:10:30'),
(374, '1000000069', 'SC10', '2025-07-05 01:10:30', '2025-07-05 01:10:30'),
(375, '1000000069', 'SC14', '2025-07-05 01:10:30', '2025-07-05 01:10:30'),
(376, '1000000070', 'SC2', '2025-07-05 01:10:30', '2025-07-05 01:10:30'),
(377, '1000000070', 'SC6', '2025-07-05 01:10:30', '2025-07-05 01:10:30'),
(378, '1000000070', 'SC7', '2025-07-05 01:10:30', '2025-07-05 01:10:30'),
(379, '1000000070', 'SC11', '2025-07-05 01:10:30', '2025-07-05 01:10:30'),
(380, '1000000070', 'SC13', '2025-07-05 01:10:30', '2025-07-05 01:10:30'),
(381, '1000000071', 'SC3', '2025-07-05 01:10:30', '2025-07-05 01:10:30'),
(382, '1000000071', 'SC4', '2025-07-05 01:10:30', '2025-07-05 01:10:30'),
(383, '1000000071', 'SC8', '2025-07-05 01:10:30', '2025-07-05 01:10:30'),
(384, '1000000071', 'SC12', '2025-07-05 01:10:30', '2025-07-05 01:10:30'),
(385, '1000000071', 'SC14', '2025-07-05 01:10:30', '2025-07-05 01:10:30'),
(386, '1000000072', 'SC1', '2025-07-05 01:10:30', '2025-07-05 01:10:30'),
(387, '1000000072', 'SC5', '2025-07-05 01:10:30', '2025-07-05 01:10:30'),
(388, '1000000072', 'SC9', '2025-07-05 01:10:30', '2025-07-05 01:10:30'),
(389, '1000000072', 'SC10', '2025-07-05 01:10:30', '2025-07-05 01:10:30'),
(390, '1000000072', 'SC15', '2025-07-05 01:10:30', '2025-07-05 01:10:30'),
(391, '1000000073', 'SC2', '2025-07-05 01:10:30', '2025-07-05 01:10:30'),
(392, '1000000073', 'SC6', '2025-07-05 01:10:30', '2025-07-05 01:10:30'),
(393, '1000000073', 'SC7', '2025-07-05 01:10:30', '2025-07-05 01:10:30'),
(394, '1000000073', 'SC11', '2025-07-05 01:10:30', '2025-07-05 01:10:30'),
(395, '1000000073', 'SC14', '2025-07-05 01:10:30', '2025-07-05 01:10:30'),
(396, '1000000074', 'SC3', '2025-07-05 01:10:30', '2025-07-05 01:10:30'),
(397, '1000000074', 'SC4', '2025-07-05 01:10:30', '2025-07-05 01:10:30'),
(398, '1000000074', 'SC8', '2025-07-05 01:10:30', '2025-07-05 01:10:30'),
(399, '1000000074', 'SC12', '2025-07-05 01:10:30', '2025-07-05 01:10:30'),
(400, '1000000074', 'SC13', '2025-07-05 01:10:30', '2025-07-05 01:10:30'),
(401, '1000000075', 'SC1', '2025-07-05 01:10:30', '2025-07-05 01:10:30'),
(402, '1000000075', 'SC6', '2025-07-05 01:10:30', '2025-07-05 01:10:30'),
(403, '1000000075', 'SC9', '2025-07-05 01:10:30', '2025-07-05 01:10:30'),
(404, '1000000075', 'SC10', '2025-07-05 01:10:30', '2025-07-05 01:10:30'),
(405, '1000000075', 'SC14', '2025-07-05 01:10:30', '2025-07-05 01:10:30'),
(406, '1000000076', 'SC1', '2025-07-05 01:10:30', '2025-07-05 01:10:30'),
(407, '1000000076', 'SC4', '2025-07-05 01:10:30', '2025-07-05 01:10:30'),
(408, '1000000076', 'SC8', '2025-07-05 01:10:30', '2025-07-05 01:10:30'),
(409, '1000000076', 'SC10', '2025-07-05 01:10:30', '2025-07-05 01:10:30'),
(410, '1000000076', 'SC12', '2025-07-05 01:10:30', '2025-07-05 01:10:30'),
(411, '1000000077', 'SC2', '2025-07-05 01:10:30', '2025-07-05 01:10:30'),
(412, '1000000077', 'SC5', '2025-07-05 01:10:30', '2025-07-05 01:10:30'),
(413, '1000000077', 'SC9', '2025-07-05 01:10:30', '2025-07-05 01:10:30'),
(414, '1000000077', 'SC11', '2025-07-05 01:10:30', '2025-07-05 01:10:30'),
(415, '1000000077', 'SC15', '2025-07-05 01:10:30', '2025-07-05 01:10:30'),
(416, '1000000078', 'SC3', '2025-07-05 01:10:30', '2025-07-05 01:10:30'),
(417, '1000000078', 'SC6', '2025-07-05 01:10:30', '2025-07-05 01:10:30'),
(418, '1000000078', 'SC7', '2025-07-05 01:10:30', '2025-07-05 01:10:30'),
(419, '1000000078', 'SC10', '2025-07-05 01:10:30', '2025-07-05 01:10:30'),
(420, '1000000078', 'SC14', '2025-07-05 01:10:30', '2025-07-05 01:10:30'),
(421, '1000000079', 'SC1', '2025-07-05 01:10:30', '2025-07-05 01:10:30'),
(422, '1000000079', 'SC5', '2025-07-05 01:10:30', '2025-07-05 01:10:30'),
(423, '1000000079', 'SC9', '2025-07-05 01:10:30', '2025-07-05 01:10:30'),
(424, '1000000079', 'SC11', '2025-07-05 01:10:30', '2025-07-05 01:10:30'),
(425, '1000000079', 'SC13', '2025-07-05 01:10:30', '2025-07-05 01:10:30'),
(426, '1000000080', 'SC2', '2025-07-05 01:10:30', '2025-07-05 01:10:30'),
(427, '1000000080', 'SC4', '2025-07-05 01:10:30', '2025-07-05 01:10:30'),
(428, '1000000080', 'SC7', '2025-07-05 01:10:30', '2025-07-05 01:10:30'),
(429, '1000000080', 'SC10', '2025-07-05 01:10:30', '2025-07-05 01:10:30'),
(430, '1000000080', 'SC15', '2025-07-05 01:10:30', '2025-07-05 01:10:30'),
(431, '1000000081', 'SC1', '2025-07-05 01:10:30', '2025-07-05 01:10:30'),
(432, '1000000081', 'SC6', '2025-07-05 01:10:30', '2025-07-05 01:10:30'),
(433, '1000000081', 'SC8', '2025-07-05 01:10:30', '2025-07-05 01:10:30'),
(434, '1000000081', 'SC11', '2025-07-05 01:10:30', '2025-07-05 01:10:30'),
(435, '1000000081', 'SC13', '2025-07-05 01:10:30', '2025-07-05 01:10:30'),
(436, '1000000082', 'SC2', '2025-07-05 01:10:30', '2025-07-05 01:10:30'),
(437, '1000000082', 'SC5', '2025-07-05 01:10:30', '2025-07-05 01:10:30'),
(438, '1000000082', 'SC9', '2025-07-05 01:10:30', '2025-07-05 01:10:30'),
(439, '1000000082', 'SC10', '2025-07-05 01:10:30', '2025-07-05 01:10:30'),
(440, '1000000082', 'SC14', '2025-07-05 01:10:30', '2025-07-05 01:10:30'),
(441, '1000000083', 'SC3', '2025-07-05 01:10:30', '2025-07-05 01:10:30'),
(442, '1000000083', 'SC4', '2025-07-05 01:10:30', '2025-07-05 01:10:30'),
(443, '1000000083', 'SC8', '2025-07-05 01:10:30', '2025-07-05 01:10:30'),
(444, '1000000083', 'SC12', '2025-07-05 01:10:30', '2025-07-05 01:10:30'),
(445, '1000000083', 'SC15', '2025-07-05 01:10:30', '2025-07-05 01:10:30'),
(446, '1000000084', 'SC1', '2025-07-05 01:10:30', '2025-07-05 01:10:30'),
(447, '1000000084', 'SC5', '2025-07-05 01:10:30', '2025-07-05 01:10:30'),
(448, '1000000084', 'SC9', '2025-07-05 01:10:30', '2025-07-05 01:10:30'),
(449, '1000000084', 'SC10', '2025-07-05 01:10:30', '2025-07-05 01:10:30'),
(450, '1000000084', 'SC14', '2025-07-05 01:10:30', '2025-07-05 01:10:30'),
(451, '1000000085', 'SC2', '2025-07-05 01:10:30', '2025-07-05 01:10:30'),
(452, '1000000085', 'SC6', '2025-07-05 01:10:30', '2025-07-05 01:10:30'),
(453, '1000000085', 'SC7', '2025-07-05 01:10:30', '2025-07-05 01:10:30'),
(454, '1000000085', 'SC11', '2025-07-05 01:10:30', '2025-07-05 01:10:30'),
(455, '1000000085', 'SC13', '2025-07-05 01:10:30', '2025-07-05 01:10:30'),
(456, '1000000086', 'SC3', '2025-07-05 01:10:30', '2025-07-05 01:10:30'),
(457, '1000000086', 'SC4', '2025-07-05 01:10:30', '2025-07-05 01:10:30'),
(458, '1000000086', 'SC8', '2025-07-05 01:10:30', '2025-07-05 01:10:30'),
(459, '1000000086', 'SC12', '2025-07-05 01:10:30', '2025-07-05 01:10:30'),
(460, '1000000086', 'SC14', '2025-07-05 01:10:30', '2025-07-05 01:10:30'),
(461, '1000000087', 'SC1', '2025-07-05 01:10:30', '2025-07-05 01:10:30'),
(462, '1000000087', 'SC5', '2025-07-05 01:10:30', '2025-07-05 01:10:30'),
(463, '1000000087', 'SC9', '2025-07-05 01:10:30', '2025-07-05 01:10:30'),
(464, '1000000087', 'SC10', '2025-07-05 01:10:30', '2025-07-05 01:10:30'),
(465, '1000000087', 'SC15', '2025-07-05 01:10:30', '2025-07-05 01:10:30'),
(466, '1000000088', 'SC2', '2025-07-05 01:10:30', '2025-07-05 01:10:30'),
(467, '1000000088', 'SC6', '2025-07-05 01:10:30', '2025-07-05 01:10:30'),
(468, '1000000088', 'SC7', '2025-07-05 01:10:30', '2025-07-05 01:10:30'),
(469, '1000000088', 'SC11', '2025-07-05 01:10:30', '2025-07-05 01:10:30'),
(470, '1000000088', 'SC14', '2025-07-05 01:10:30', '2025-07-05 01:10:30'),
(471, '1000000089', 'SC3', '2025-07-05 01:10:30', '2025-07-05 01:10:30'),
(472, '1000000089', 'SC4', '2025-07-05 01:10:30', '2025-07-05 01:10:30'),
(473, '1000000089', 'SC8', '2025-07-05 01:10:30', '2025-07-05 01:10:30'),
(474, '1000000089', 'SC12', '2025-07-05 01:10:30', '2025-07-05 01:10:30'),
(475, '1000000089', 'SC13', '2025-07-05 01:10:30', '2025-07-05 01:10:30'),
(476, '1000000090', 'SC1', '2025-07-05 01:10:30', '2025-07-05 01:10:30'),
(477, '1000000090', 'SC6', '2025-07-05 01:10:30', '2025-07-05 01:10:30'),
(478, '1000000090', 'SC9', '2025-07-05 01:10:30', '2025-07-05 01:10:30'),
(479, '1000000090', 'SC10', '2025-07-05 01:10:30', '2025-07-05 01:10:30'),
(480, '1000000090', 'SC14', '2025-07-05 01:10:30', '2025-07-05 01:10:30'),
(481, '1000000091', 'SC1', '2025-07-05 01:10:30', '2025-07-05 01:10:30'),
(482, '1000000091', 'SC4', '2025-07-05 01:10:30', '2025-07-05 01:10:30'),
(483, '1000000091', 'SC8', '2025-07-05 01:10:30', '2025-07-05 01:10:30'),
(484, '1000000091', 'SC10', '2025-07-05 01:10:30', '2025-07-05 01:10:30'),
(485, '1000000091', 'SC12', '2025-07-05 01:10:30', '2025-07-05 01:10:30'),
(486, '1000000092', 'SC2', '2025-07-05 01:10:30', '2025-07-05 01:10:30'),
(487, '1000000092', 'SC5', '2025-07-05 01:10:30', '2025-07-05 01:10:30'),
(488, '1000000092', 'SC9', '2025-07-05 01:10:30', '2025-07-05 01:10:30'),
(489, '1000000092', 'SC11', '2025-07-05 01:10:30', '2025-07-05 01:10:30'),
(490, '1000000092', 'SC15', '2025-07-05 01:10:30', '2025-07-05 01:10:30'),
(491, '1000000093', 'SC3', '2025-07-05 01:10:30', '2025-07-05 01:10:30'),
(492, '1000000093', 'SC6', '2025-07-05 01:10:30', '2025-07-05 01:10:30'),
(493, '1000000093', 'SC7', '2025-07-05 01:10:30', '2025-07-05 01:10:30'),
(494, '1000000093', 'SC10', '2025-07-05 01:10:30', '2025-07-05 01:10:30'),
(495, '1000000093', 'SC14', '2025-07-05 01:10:30', '2025-07-05 01:10:30'),
(496, '1000000094', 'SC1', '2025-07-05 01:10:30', '2025-07-05 01:10:30'),
(497, '1000000094', 'SC5', '2025-07-05 01:10:30', '2025-07-05 01:10:30'),
(498, '1000000094', 'SC9', '2025-07-05 01:10:30', '2025-07-05 01:10:30'),
(499, '1000000094', 'SC11', '2025-07-05 01:10:30', '2025-07-05 01:10:30'),
(500, '1000000094', 'SC13', '2025-07-05 01:10:30', '2025-07-05 01:10:30'),
(501, '1000000095', 'SC2', '2025-07-05 01:10:30', '2025-07-05 01:10:30'),
(502, '1000000095', 'SC4', '2025-07-05 01:10:30', '2025-07-05 01:10:30'),
(503, '1000000095', 'SC7', '2025-07-05 01:10:30', '2025-07-05 01:10:30'),
(504, '1000000095', 'SC10', '2025-07-05 01:10:30', '2025-07-05 01:10:30'),
(505, '1000000095', 'SC15', '2025-07-05 01:10:30', '2025-07-05 01:10:30'),
(506, '1000000096', 'SC1', '2025-07-05 01:10:30', '2025-07-05 01:10:30'),
(507, '1000000096', 'SC6', '2025-07-05 01:10:30', '2025-07-05 01:10:30'),
(508, '1000000096', 'SC8', '2025-07-05 01:10:30', '2025-07-05 01:10:30'),
(509, '1000000096', 'SC11', '2025-07-05 01:10:30', '2025-07-05 01:10:30'),
(510, '1000000096', 'SC13', '2025-07-05 01:10:30', '2025-07-05 01:10:30'),
(511, '1000000097', 'SC2', '2025-07-05 01:10:30', '2025-07-05 01:10:30'),
(512, '1000000097', 'SC5', '2025-07-05 01:10:30', '2025-07-05 01:10:30'),
(513, '1000000097', 'SC9', '2025-07-05 01:10:30', '2025-07-05 01:10:30'),
(514, '1000000097', 'SC10', '2025-07-05 01:10:30', '2025-07-05 01:10:30'),
(515, '1000000097', 'SC14', '2025-07-05 01:10:30', '2025-07-05 01:10:30'),
(516, '1000000098', 'SC3', '2025-07-05 01:10:30', '2025-07-05 01:10:30'),
(517, '1000000098', 'SC4', '2025-07-05 01:10:30', '2025-07-05 01:10:30'),
(518, '1000000098', 'SC8', '2025-07-05 01:10:30', '2025-07-05 01:10:30'),
(519, '1000000098', 'SC12', '2025-07-05 01:10:30', '2025-07-05 01:10:30'),
(520, '1000000098', 'SC15', '2025-07-05 01:10:30', '2025-07-05 01:10:30'),
(521, '1000000099', 'SC1', '2025-07-05 01:10:30', '2025-07-05 01:10:30'),
(522, '1000000099', 'SC5', '2025-07-05 01:10:30', '2025-07-05 01:10:30'),
(523, '1000000099', 'SC9', '2025-07-05 01:10:30', '2025-07-05 01:10:30'),
(524, '1000000099', 'SC10', '2025-07-05 01:10:30', '2025-07-05 01:10:30'),
(525, '1000000099', 'SC14', '2025-07-05 01:10:30', '2025-07-05 01:10:30'),
(526, '1000000100', 'SC2', '2025-07-05 01:10:30', '2025-07-05 01:10:30'),
(527, '1000000100', 'SC6', '2025-07-05 01:10:30', '2025-07-05 01:10:30'),
(528, '1000000100', 'SC7', '2025-07-05 01:10:30', '2025-07-05 01:10:30'),
(529, '1000000100', 'SC11', '2025-07-05 01:10:30', '2025-07-05 01:10:30'),
(530, '1000000100', 'SC13', '2025-07-05 01:10:30', '2025-07-05 01:10:30'),
(531, '1000000101', 'SC3', '2025-07-05 01:10:30', '2025-07-05 01:10:30'),
(532, '1000000101', 'SC4', '2025-07-05 01:10:30', '2025-07-05 01:10:30'),
(533, '1000000101', 'SC8', '2025-07-05 01:10:30', '2025-07-05 01:10:30'),
(534, '1000000101', 'SC12', '2025-07-05 01:10:30', '2025-07-05 01:10:30'),
(535, '1000000101', 'SC14', '2025-07-05 01:10:30', '2025-07-05 01:10:30'),
(536, '1000000102', 'SC1', '2025-07-05 01:10:30', '2025-07-05 01:10:30'),
(537, '1000000102', 'SC5', '2025-07-05 01:10:30', '2025-07-05 01:10:30'),
(538, '1000000102', 'SC9', '2025-07-05 01:10:30', '2025-07-05 01:10:30'),
(539, '1000000102', 'SC10', '2025-07-05 01:10:30', '2025-07-05 01:10:30'),
(540, '1000000102', 'SC15', '2025-07-05 01:10:30', '2025-07-05 01:10:30'),
(541, '1000000103', 'SC2', '2025-07-05 01:10:30', '2025-07-05 01:10:30'),
(542, '1000000103', 'SC6', '2025-07-05 01:10:30', '2025-07-05 01:10:30'),
(543, '1000000103', 'SC7', '2025-07-05 01:10:30', '2025-07-05 01:10:30'),
(544, '1000000103', 'SC11', '2025-07-05 01:10:30', '2025-07-05 01:10:30'),
(545, '1000000103', 'SC14', '2025-07-05 01:10:30', '2025-07-05 01:10:30'),
(546, '1000000104', 'SC3', '2025-07-05 01:10:30', '2025-07-05 01:10:30'),
(547, '1000000104', 'SC4', '2025-07-05 01:10:30', '2025-07-05 01:10:30'),
(548, '1000000104', 'SC8', '2025-07-05 01:10:30', '2025-07-05 01:10:30'),
(549, '1000000104', 'SC12', '2025-07-05 01:10:30', '2025-07-05 01:10:30'),
(550, '1000000104', 'SC13', '2025-07-05 01:10:30', '2025-07-05 01:10:30'),
(551, '1000000105', 'SC1', '2025-07-05 01:10:30', '2025-07-05 01:10:30'),
(552, '1000000105', 'SC6', '2025-07-05 01:10:30', '2025-07-05 01:10:30'),
(553, '1000000105', 'SC9', '2025-07-05 01:10:30', '2025-07-05 01:10:30'),
(554, '1000000105', 'SC10', '2025-07-05 01:10:30', '2025-07-05 01:10:30'),
(555, '1000000105', 'SC14', '2025-07-05 01:10:30', '2025-07-05 01:10:30'),
(556, '1000000106', 'SC1', '2025-07-05 01:10:30', '2025-07-05 01:10:30'),
(557, '1000000106', 'SC4', '2025-07-05 01:10:30', '2025-07-05 01:10:30'),
(558, '1000000106', 'SC8', '2025-07-05 01:10:30', '2025-07-05 01:10:30'),
(559, '1000000106', 'SC10', '2025-07-05 01:10:30', '2025-07-05 01:10:30'),
(560, '1000000106', 'SC12', '2025-07-05 01:10:30', '2025-07-05 01:10:30'),
(561, '1000000107', 'SC2', '2025-07-05 01:10:30', '2025-07-05 01:10:30'),
(562, '1000000107', 'SC5', '2025-07-05 01:10:30', '2025-07-05 01:10:30'),
(563, '1000000107', 'SC9', '2025-07-05 01:10:30', '2025-07-05 01:10:30'),
(564, '1000000107', 'SC11', '2025-07-05 01:10:30', '2025-07-05 01:10:30'),
(565, '1000000107', 'SC15', '2025-07-05 01:10:30', '2025-07-05 01:10:30'),
(566, '1000000108', 'SC3', '2025-07-05 01:10:30', '2025-07-05 01:10:30'),
(567, '1000000108', 'SC6', '2025-07-05 01:10:30', '2025-07-05 01:10:30'),
(568, '1000000108', 'SC7', '2025-07-05 01:10:30', '2025-07-05 01:10:30'),
(569, '1000000108', 'SC10', '2025-07-05 01:10:30', '2025-07-05 01:10:30'),
(570, '1000000108', 'SC14', '2025-07-05 01:10:30', '2025-07-05 01:10:30'),
(571, '1000000109', 'SC1', '2025-07-05 01:10:30', '2025-07-05 01:10:30'),
(572, '1000000109', 'SC5', '2025-07-05 01:10:30', '2025-07-05 01:10:30'),
(573, '1000000109', 'SC9', '2025-07-05 01:10:30', '2025-07-05 01:10:30'),
(574, '1000000109', 'SC11', '2025-07-05 01:10:30', '2025-07-05 01:10:30'),
(575, '1000000109', 'SC13', '2025-07-05 01:10:30', '2025-07-05 01:10:30'),
(576, '1000000110', 'SC2', '2025-07-05 01:10:30', '2025-07-05 01:10:30'),
(577, '1000000110', 'SC4', '2025-07-05 01:10:30', '2025-07-05 01:10:30'),
(578, '1000000110', 'SC7', '2025-07-05 01:10:30', '2025-07-05 01:10:30'),
(579, '1000000110', 'SC10', '2025-07-05 01:10:30', '2025-07-05 01:10:30'),
(580, '1000000110', 'SC15', '2025-07-05 01:10:30', '2025-07-05 01:10:30'),
(581, '1000000111', 'SC1', '2025-07-05 01:10:30', '2025-07-05 01:10:30'),
(582, '1000000111', 'SC6', '2025-07-05 01:10:30', '2025-07-05 01:10:30'),
(583, '1000000111', 'SC8', '2025-07-05 01:10:30', '2025-07-05 01:10:30'),
(584, '1000000111', 'SC11', '2025-07-05 01:10:30', '2025-07-05 01:10:30'),
(585, '1000000111', 'SC13', '2025-07-05 01:10:30', '2025-07-05 01:10:30'),
(586, '1000000112', 'SC2', '2025-07-05 01:10:30', '2025-07-05 01:10:30'),
(587, '1000000112', 'SC5', '2025-07-05 01:10:30', '2025-07-05 01:10:30'),
(588, '1000000112', 'SC9', '2025-07-05 01:10:30', '2025-07-05 01:10:30'),
(589, '1000000112', 'SC10', '2025-07-05 01:10:30', '2025-07-05 01:10:30'),
(590, '1000000112', 'SC14', '2025-07-05 01:10:30', '2025-07-05 01:10:30'),
(591, '1000000113', 'SC3', '2025-07-05 01:10:30', '2025-07-05 01:10:30'),
(592, '1000000113', 'SC4', '2025-07-05 01:10:30', '2025-07-05 01:10:30'),
(593, '1000000113', 'SC8', '2025-07-05 01:10:30', '2025-07-05 01:10:30'),
(594, '1000000113', 'SC12', '2025-07-05 01:10:30', '2025-07-05 01:10:30'),
(595, '1000000113', 'SC15', '2025-07-05 01:10:30', '2025-07-05 01:10:30'),
(596, '1000000114', 'SC1', '2025-07-05 01:10:30', '2025-07-05 01:10:30'),
(597, '1000000114', 'SC5', '2025-07-05 01:10:30', '2025-07-05 01:10:30'),
(598, '1000000114', 'SC9', '2025-07-05 01:10:30', '2025-07-05 01:10:30'),
(599, '1000000114', 'SC10', '2025-07-05 01:10:30', '2025-07-05 01:10:30'),
(600, '1000000114', 'SC14', '2025-07-05 01:10:30', '2025-07-05 01:10:30'),
(601, '1000000115', 'SC2', '2025-07-05 01:10:30', '2025-07-05 01:10:30'),
(602, '1000000115', 'SC6', '2025-07-05 01:10:30', '2025-07-05 01:10:30'),
(603, '1000000115', 'SC7', '2025-07-05 01:10:30', '2025-07-05 01:10:30'),
(604, '1000000115', 'SC11', '2025-07-05 01:10:30', '2025-07-05 01:10:30'),
(605, '1000000115', 'SC13', '2025-07-05 01:10:30', '2025-07-05 01:10:30'),
(606, '1000000116', 'SC3', '2025-07-05 01:10:30', '2025-07-05 01:10:30'),
(607, '1000000116', 'SC4', '2025-07-05 01:10:30', '2025-07-05 01:10:30'),
(608, '1000000116', 'SC8', '2025-07-05 01:10:30', '2025-07-05 01:10:30'),
(609, '1000000116', 'SC12', '2025-07-05 01:10:30', '2025-07-05 01:10:30'),
(610, '1000000116', 'SC14', '2025-07-05 01:10:30', '2025-07-05 01:10:30'),
(611, '1000000117', 'SC1', '2025-07-05 01:10:30', '2025-07-05 01:10:30'),
(612, '1000000117', 'SC5', '2025-07-05 01:10:30', '2025-07-05 01:10:30'),
(613, '1000000117', 'SC9', '2025-07-05 01:10:30', '2025-07-05 01:10:30'),
(614, '1000000117', 'SC10', '2025-07-05 01:10:30', '2025-07-05 01:10:30'),
(615, '1000000117', 'SC15', '2025-07-05 01:10:30', '2025-07-05 01:10:30'),
(616, '1000000118', 'SC2', '2025-07-05 01:10:30', '2025-07-05 01:10:30'),
(617, '1000000118', 'SC6', '2025-07-05 01:10:30', '2025-07-05 01:10:30'),
(618, '1000000118', 'SC7', '2025-07-05 01:10:30', '2025-07-05 01:10:30'),
(619, '1000000118', 'SC11', '2025-07-05 01:10:30', '2025-07-05 01:10:30'),
(620, '1000000118', 'SC14', '2025-07-05 01:10:30', '2025-07-05 01:10:30'),
(621, '1000000119', 'SC3', '2025-07-05 01:10:30', '2025-07-05 01:10:30'),
(622, '1000000119', 'SC4', '2025-07-05 01:10:30', '2025-07-05 01:10:30'),
(623, '1000000119', 'SC8', '2025-07-05 01:10:30', '2025-07-05 01:10:30'),
(624, '1000000119', 'SC12', '2025-07-05 01:10:30', '2025-07-05 01:10:30'),
(625, '1000000119', 'SC13', '2025-07-05 01:10:30', '2025-07-05 01:10:30'),
(626, '1000000120', 'SC1', '2025-07-05 01:10:30', '2025-07-05 01:10:30'),
(627, '1000000120', 'SC6', '2025-07-05 01:10:30', '2025-07-05 01:10:30'),
(628, '1000000120', 'SC9', '2025-07-05 01:10:30', '2025-07-05 01:10:30'),
(629, '1000000120', 'SC10', '2025-07-05 01:10:30', '2025-07-05 01:10:30'),
(630, '1000000120', 'SC14', '2025-07-05 01:10:30', '2025-07-05 01:10:30'),
(631, '1000000121', 'SC1', '2025-07-05 01:10:30', '2025-07-05 01:10:30'),
(632, '1000000121', 'SC4', '2025-07-05 01:10:30', '2025-07-05 01:10:30'),
(633, '1000000121', 'SC8', '2025-07-05 01:10:30', '2025-07-05 01:10:30'),
(634, '1000000121', 'SC10', '2025-07-05 01:10:30', '2025-07-05 01:10:30'),
(635, '1000000121', 'SC12', '2025-07-05 01:10:30', '2025-07-05 01:10:30'),
(636, '1000000122', 'SC2', '2025-07-05 01:10:30', '2025-07-05 01:10:30'),
(637, '1000000122', 'SC5', '2025-07-05 01:10:30', '2025-07-05 01:10:30'),
(638, '1000000122', 'SC9', '2025-07-05 01:10:30', '2025-07-05 01:10:30'),
(639, '1000000122', 'SC11', '2025-07-05 01:10:30', '2025-07-05 01:10:30'),
(640, '1000000122', 'SC15', '2025-07-05 01:10:30', '2025-07-05 01:10:30'),
(641, '1000000123', 'SC3', '2025-07-05 01:10:30', '2025-07-05 01:10:30'),
(642, '1000000123', 'SC6', '2025-07-05 01:10:30', '2025-07-05 01:10:30'),
(643, '1000000123', 'SC7', '2025-07-05 01:10:30', '2025-07-05 01:10:30'),
(644, '1000000123', 'SC10', '2025-07-05 01:10:30', '2025-07-05 01:10:30'),
(645, '1000000123', 'SC14', '2025-07-05 01:10:30', '2025-07-05 01:10:30'),
(646, '1000000124', 'SC1', '2025-07-05 01:10:30', '2025-07-05 01:10:30'),
(647, '1000000124', 'SC5', '2025-07-05 01:10:30', '2025-07-05 01:10:30'),
(648, '1000000124', 'SC9', '2025-07-05 01:10:30', '2025-07-05 01:10:30'),
(649, '1000000124', 'SC11', '2025-07-05 01:10:30', '2025-07-05 01:10:30'),
(650, '1000000124', 'SC13', '2025-07-05 01:10:30', '2025-07-05 01:10:30'),
(651, '1000000125', 'SC2', '2025-07-05 01:10:30', '2025-07-05 01:10:30'),
(652, '1000000125', 'SC4', '2025-07-05 01:10:30', '2025-07-05 01:10:30'),
(653, '1000000125', 'SC7', '2025-07-05 01:10:30', '2025-07-05 01:10:30'),
(654, '1000000125', 'SC10', '2025-07-05 01:10:30', '2025-07-05 01:10:30'),
(655, '1000000125', 'SC15', '2025-07-05 01:10:30', '2025-07-05 01:10:30'),
(656, '1000000126', 'SC1', '2025-07-05 01:10:30', '2025-07-05 01:10:30'),
(657, '1000000126', 'SC6', '2025-07-05 01:10:30', '2025-07-05 01:10:30'),
(658, '1000000126', 'SC8', '2025-07-05 01:10:30', '2025-07-05 01:10:30'),
(659, '1000000126', 'SC11', '2025-07-05 01:10:30', '2025-07-05 01:10:30'),
(660, '1000000126', 'SC13', '2025-07-05 01:10:30', '2025-07-05 01:10:30'),
(661, '1000000127', 'SC2', '2025-07-05 01:10:30', '2025-07-05 01:10:30'),
(662, '1000000127', 'SC5', '2025-07-05 01:10:30', '2025-07-05 01:10:30'),
(663, '1000000127', 'SC9', '2025-07-05 01:10:30', '2025-07-05 01:10:30'),
(664, '1000000127', 'SC10', '2025-07-05 01:10:30', '2025-07-05 01:10:30'),
(665, '1000000127', 'SC14', '2025-07-05 01:10:30', '2025-07-05 01:10:30'),
(666, '1000000128', 'SC3', '2025-07-05 01:10:30', '2025-07-05 01:10:30'),
(667, '1000000128', 'SC4', '2025-07-05 01:10:30', '2025-07-05 01:10:30'),
(668, '1000000128', 'SC8', '2025-07-05 01:10:30', '2025-07-05 01:10:30'),
(669, '1000000128', 'SC12', '2025-07-05 01:10:30', '2025-07-05 01:10:30'),
(670, '1000000128', 'SC15', '2025-07-05 01:10:30', '2025-07-05 01:10:30'),
(671, '1000000129', 'SC1', '2025-07-05 01:10:30', '2025-07-05 01:10:30'),
(672, '1000000129', 'SC5', '2025-07-05 01:10:30', '2025-07-05 01:10:30'),
(673, '1000000129', 'SC9', '2025-07-05 01:10:30', '2025-07-05 01:10:30'),
(674, '1000000129', 'SC10', '2025-07-05 01:10:30', '2025-07-05 01:10:30'),
(675, '1000000129', 'SC14', '2025-07-05 01:10:30', '2025-07-05 01:10:30'),
(676, '1000000130', 'SC2', '2025-07-05 01:10:30', '2025-07-05 01:10:30'),
(677, '1000000130', 'SC6', '2025-07-05 01:10:30', '2025-07-05 01:10:30'),
(678, '1000000130', 'SC7', '2025-07-05 01:10:30', '2025-07-05 01:10:30'),
(679, '1000000130', 'SC11', '2025-07-05 01:10:30', '2025-07-05 01:10:30'),
(680, '1000000130', 'SC13', '2025-07-05 01:10:30', '2025-07-05 01:10:30'),
(681, '1000000131', 'SC3', '2025-07-05 01:10:30', '2025-07-05 01:10:30'),
(682, '1000000131', 'SC4', '2025-07-05 01:10:30', '2025-07-05 01:10:30'),
(683, '1000000131', 'SC8', '2025-07-05 01:10:30', '2025-07-05 01:10:30'),
(684, '1000000131', 'SC12', '2025-07-05 01:10:30', '2025-07-05 01:10:30'),
(685, '1000000131', 'SC14', '2025-07-05 01:10:30', '2025-07-05 01:10:30'),
(686, '1000000132', 'SC1', '2025-07-05 01:10:30', '2025-07-05 01:10:30'),
(687, '1000000132', 'SC5', '2025-07-05 01:10:30', '2025-07-05 01:10:30'),
(688, '1000000132', 'SC9', '2025-07-05 01:10:30', '2025-07-05 01:10:30'),
(689, '1000000132', 'SC10', '2025-07-05 01:10:30', '2025-07-05 01:10:30'),
(690, '1000000132', 'SC15', '2025-07-05 01:10:30', '2025-07-05 01:10:30'),
(691, '1000000133', 'SC2', '2025-07-05 01:10:30', '2025-07-05 01:10:30'),
(692, '1000000133', 'SC6', '2025-07-05 01:10:30', '2025-07-05 01:10:30'),
(693, '1000000133', 'SC7', '2025-07-05 01:10:30', '2025-07-05 01:10:30'),
(694, '1000000133', 'SC11', '2025-07-05 01:10:30', '2025-07-05 01:10:30'),
(695, '1000000133', 'SC14', '2025-07-05 01:10:30', '2025-07-05 01:10:30'),
(696, '1000000134', 'SC3', '2025-07-05 01:10:30', '2025-07-05 01:10:30'),
(697, '1000000134', 'SC4', '2025-07-05 01:10:30', '2025-07-05 01:10:30'),
(698, '1000000134', 'SC8', '2025-07-05 01:10:30', '2025-07-05 01:10:30'),
(699, '1000000134', 'SC12', '2025-07-05 01:10:30', '2025-07-05 01:10:30'),
(700, '1000000134', 'SC13', '2025-07-05 01:10:30', '2025-07-05 01:10:30'),
(701, '1000000135', 'SC1', '2025-07-05 01:10:30', '2025-07-05 01:10:30'),
(702, '1000000135', 'SC6', '2025-07-05 01:10:30', '2025-07-05 01:10:30'),
(703, '1000000135', 'SC9', '2025-07-05 01:10:30', '2025-07-05 01:10:30'),
(704, '1000000135', 'SC10', '2025-07-05 01:10:30', '2025-07-05 01:10:30');

-- --------------------------------------------------------

--
-- Table structure for table `password_resets`
--

CREATE TABLE `password_resets` (
  `email` varchar(255) COLLATE utf8mb4_unicode_ci NOT NULL,
  `token` varchar(255) COLLATE utf8mb4_unicode_ci NOT NULL,
  `created_at` timestamp NULL DEFAULT NULL
) ENGINE=InnoDB DEFAULT CHARSET=utf8mb4 COLLATE=utf8mb4_unicode_ci;

-- --------------------------------------------------------

--
-- Table structure for table `personal_access_tokens`
--

CREATE TABLE `personal_access_tokens` (
  `id` bigint UNSIGNED NOT NULL,
  `tokenable_type` varchar(255) COLLATE utf8mb4_unicode_ci NOT NULL,
  `tokenable_id` bigint UNSIGNED NOT NULL,
  `name` varchar(255) COLLATE utf8mb4_unicode_ci NOT NULL,
  `token` varchar(64) COLLATE utf8mb4_unicode_ci NOT NULL,
  `abilities` text COLLATE utf8mb4_unicode_ci,
  `last_used_at` timestamp NULL DEFAULT NULL,
  `expires_at` timestamp NULL DEFAULT NULL,
  `created_at` timestamp NULL DEFAULT NULL,
  `updated_at` timestamp NULL DEFAULT NULL
) ENGINE=InnoDB DEFAULT CHARSET=utf8mb4 COLLATE=utf8mb4_unicode_ci;

-- --------------------------------------------------------

--
-- Table structure for table `sub_kriteria`
--

CREATE TABLE `sub_kriteria` (
  `kode` varchar(5) COLLATE utf8mb4_unicode_ci NOT NULL,
  `kode_kriteria` varchar(5) COLLATE utf8mb4_unicode_ci NOT NULL,
  `nama` varchar(50) COLLATE utf8mb4_unicode_ci NOT NULL,
  `parameter` varchar(20) COLLATE utf8mb4_unicode_ci NOT NULL,
  `created_at` timestamp NULL DEFAULT NULL,
  `updated_at` timestamp NULL DEFAULT NULL
) ENGINE=InnoDB DEFAULT CHARSET=utf8mb4 COLLATE=utf8mb4_unicode_ci;

--
-- Dumping data for table `sub_kriteria`
--

INSERT INTO `sub_kriteria` (`kode`, `kode_kriteria`, `nama`, `parameter`, `created_at`, `updated_at`) VALUES
('SC1', 'C1', 'Nilai  90', 'Sangat Baik', '2025-06-20 06:51:22', '2025-06-20 06:51:22'),
('SC10', 'C4', 'Aktif Sebagai Ketua', 'Sangat Baik', '2025-06-20 06:51:22', '2025-06-20 06:51:22'),
('SC11', 'C4', 'Aktif Sebagai Anggota', 'Baik', '2025-06-20 06:51:22', '2025-06-20 06:51:22'),
('SC12', 'C4', 'Tidak Aktif', 'Cukup', '2025-06-20 06:51:22', '2025-06-20 06:51:22'),
('SC13', 'C5', 'Sangat Sopan dan Bertanggung Jawab', 'Sangat Baik', '2025-06-20 06:51:22', '2025-06-20 06:51:22'),
('SC14', 'C5', 'Sopan dan Bertanggung Jawab', 'Baik', '2025-06-20 06:51:22', '2025-06-20 06:51:22'),
('SC15', 'C5', 'Kurang Sopan', 'Cukup', '2025-06-20 06:51:22', '2025-06-20 06:51:22'),
('SC2', 'C1', 'Nilai 8089', 'Baik', '2025-06-20 06:51:22', '2025-06-20 06:51:22'),
('SC3', 'C1', 'Nilai 7079', 'Cukup', '2025-06-20 06:51:22', '2025-06-20 06:51:22'),
('SC4', 'C2', 'Juara Nasional', 'Sangat Baik', '2025-06-20 06:51:22', '2025-06-20 06:51:22'),
('SC5', 'C2', 'Juara Provinsi', 'Baik', '2025-06-20 06:51:22', '2025-06-20 06:51:22'),
('SC6', 'C2', 'Juara Kabupaten', 'Cukup', '2025-06-20 06:51:22', '2025-06-20 06:51:22'),
('SC7', 'C3', 'Tidak Pernah Terlambat', 'Sangat Baik', '2025-06-20 06:51:22', '2025-06-20 06:51:22'),
('SC8', 'C3', 'Terlambat < 3 kali', 'Baik', '2025-06-20 06:51:22', '2025-06-20 06:51:22'),
('SC9', 'C3', 'Terlambat  3 kali', 'Cukup', '2025-06-20 06:51:22', '2025-06-20 06:51:22');

-- --------------------------------------------------------

--
-- Table structure for table `users`
--

CREATE TABLE `users` (
  `id` bigint UNSIGNED NOT NULL,
  `name` varchar(255) COLLATE utf8mb4_unicode_ci NOT NULL,
  `username` varchar(255) COLLATE utf8mb4_unicode_ci DEFAULT NULL,
  `email` varchar(255) COLLATE utf8mb4_unicode_ci NOT NULL,
  `no_telp` varchar(20) COLLATE utf8mb4_unicode_ci DEFAULT NULL,
  `is_admin` tinyint(1) NOT NULL DEFAULT '0',
  `email_verified_at` timestamp NULL DEFAULT NULL,
  `password` varchar(255) COLLATE utf8mb4_unicode_ci NOT NULL,
  `remember_token` varchar(100) COLLATE utf8mb4_unicode_ci DEFAULT NULL,
  `created_at` timestamp NULL DEFAULT NULL,
  `updated_at` timestamp NULL DEFAULT NULL
) ENGINE=InnoDB DEFAULT CHARSET=utf8mb4 COLLATE=utf8mb4_unicode_ci;

--
-- Dumping data for table `users`
--

INSERT INTO `users` (`id`, `name`, `username`, `email`, `no_telp`, `is_admin`, `email_verified_at`, `password`, `remember_token`, `created_at`, `updated_at`) VALUES
(1, 'Admin', 'admin', 'admin@example.com', '081234567890', 1, '2025-06-20 06:51:22', '$2y$10$h1vVKsWB8dHarkVTD7l3Zu2DVzouNKwr4J6ZpAL45DsDMSMjGGRce', 'XwfzXURdbzpgqJDUDnZBl8weONVJHgvZTkEQjbhGlp4WHxM6uCGkiJ46Jg1Q', '2025-06-20 06:51:22', '2025-06-20 06:51:22');

--
-- Indexes for dumped tables
--

--
-- Indexes for table `alternatif`
--
ALTER TABLE `alternatif`
  ADD PRIMARY KEY (`nisn`);

--
-- Indexes for table `bobot_kriteria`
--
ALTER TABLE `bobot_kriteria`
  ADD PRIMARY KEY (`id`),
  ADD KEY `bobot_kriteria_kode_kriteria_1_foreign` (`kode_kriteria_1`),
  ADD KEY `bobot_kriteria_kode_kriteria_2_foreign` (`kode_kriteria_2`);

--
-- Indexes for table `bobot_sub_kriteria`
--
ALTER TABLE `bobot_sub_kriteria`
  ADD PRIMARY KEY (`id`),
  ADD KEY `bobot_sub_kriteria_kode_sub_kriteria_1_foreign` (`kode_sub_kriteria_1`),
  ADD KEY `bobot_sub_kriteria_kode_sub_kriteria_2_foreign` (`kode_sub_kriteria_2`);

--
-- Indexes for table `kriteria`
--
ALTER TABLE `kriteria`
  ADD PRIMARY KEY (`kode`);

--
-- Indexes for table `migrations`
--
ALTER TABLE `migrations`
  ADD PRIMARY KEY (`id`);

--
-- Indexes for table `nilai_alternatif`
--
ALTER TABLE `nilai_alternatif`
  ADD PRIMARY KEY (`id`),
  ADD KEY `nilai_alternatif_nisn_foreign` (`nisn`),
  ADD KEY `nilai_alternatif_kode_sub_kriteria_foreign` (`kode_sub_kriteria`);

--
-- Indexes for table `password_resets`
--
ALTER TABLE `password_resets`
  ADD KEY `password_resets_email_index` (`email`);

--
-- Indexes for table `personal_access_tokens`
--
ALTER TABLE `personal_access_tokens`
  ADD PRIMARY KEY (`id`),
  ADD UNIQUE KEY `personal_access_tokens_token_unique` (`token`),
  ADD KEY `personal_access_tokens_tokenable_type_tokenable_id_index` (`tokenable_type`,`tokenable_id`);

--
-- Indexes for table `sub_kriteria`
--
ALTER TABLE `sub_kriteria`
  ADD PRIMARY KEY (`kode`),
  ADD KEY `sub_kriteria_kode_kriteria_foreign` (`kode_kriteria`);

--
-- Indexes for table `users`
--
ALTER TABLE `users`
  ADD PRIMARY KEY (`id`),
  ADD UNIQUE KEY `users_email_unique` (`email`),
  ADD UNIQUE KEY `users_username_unique` (`username`);

--
-- AUTO_INCREMENT for dumped tables
--

--
-- AUTO_INCREMENT for table `bobot_kriteria`
--
ALTER TABLE `bobot_kriteria`
  MODIFY `id` bigint UNSIGNED NOT NULL AUTO_INCREMENT, AUTO_INCREMENT=46;

--
-- AUTO_INCREMENT for table `bobot_sub_kriteria`
--
ALTER TABLE `bobot_sub_kriteria`
  MODIFY `id` bigint UNSIGNED NOT NULL AUTO_INCREMENT, AUTO_INCREMENT=34;

--
-- AUTO_INCREMENT for table `migrations`
--
ALTER TABLE `migrations`
  MODIFY `id` int UNSIGNED NOT NULL AUTO_INCREMENT, AUTO_INCREMENT=10;

--
-- AUTO_INCREMENT for table `nilai_alternatif`
--
ALTER TABLE `nilai_alternatif`
  MODIFY `id` bigint UNSIGNED NOT NULL AUTO_INCREMENT, AUTO_INCREMENT=706;

--
-- AUTO_INCREMENT for table `personal_access_tokens`
--
ALTER TABLE `personal_access_tokens`
  MODIFY `id` bigint UNSIGNED NOT NULL AUTO_INCREMENT;

--
-- AUTO_INCREMENT for table `users`
--
ALTER TABLE `users`
  MODIFY `id` bigint UNSIGNED NOT NULL AUTO_INCREMENT, AUTO_INCREMENT=2;

--
-- Constraints for dumped tables
--

--
-- Constraints for table `bobot_kriteria`
--
ALTER TABLE `bobot_kriteria`
  ADD CONSTRAINT `bobot_kriteria_kode_kriteria_1_foreign` FOREIGN KEY (`kode_kriteria_1`) REFERENCES `kriteria` (`kode`) ON DELETE CASCADE ON UPDATE CASCADE,
  ADD CONSTRAINT `bobot_kriteria_kode_kriteria_2_foreign` FOREIGN KEY (`kode_kriteria_2`) REFERENCES `kriteria` (`kode`) ON DELETE CASCADE ON UPDATE CASCADE;

--
-- Constraints for table `bobot_sub_kriteria`
--
ALTER TABLE `bobot_sub_kriteria`
  ADD CONSTRAINT `bobot_sub_kriteria_kode_sub_kriteria_1_foreign` FOREIGN KEY (`kode_sub_kriteria_1`) REFERENCES `sub_kriteria` (`kode`) ON DELETE CASCADE ON UPDATE CASCADE,
  ADD CONSTRAINT `bobot_sub_kriteria_kode_sub_kriteria_2_foreign` FOREIGN KEY (`kode_sub_kriteria_2`) REFERENCES `sub_kriteria` (`kode`) ON DELETE CASCADE ON UPDATE CASCADE;

--
-- Constraints for table `nilai_alternatif`
--
ALTER TABLE `nilai_alternatif`
  ADD CONSTRAINT `nilai_alternatif_kode_sub_kriteria_foreign` FOREIGN KEY (`kode_sub_kriteria`) REFERENCES `sub_kriteria` (`kode`) ON DELETE CASCADE ON UPDATE CASCADE,
  ADD CONSTRAINT `nilai_alternatif_nisn_foreign` FOREIGN KEY (`nisn`) REFERENCES `alternatif` (`nisn`) ON DELETE CASCADE ON UPDATE CASCADE;

--
-- Constraints for table `sub_kriteria`
--
ALTER TABLE `sub_kriteria`
  ADD CONSTRAINT `sub_kriteria_kode_kriteria_foreign` FOREIGN KEY (`kode_kriteria`) REFERENCES `kriteria` (`kode`) ON DELETE CASCADE ON UPDATE CASCADE;
COMMIT;

/*!40101 SET CHARACTER_SET_CLIENT=@OLD_CHARACTER_SET_CLIENT */;
/*!40101 SET CHARACTER_SET_RESULTS=@OLD_CHARACTER_SET_RESULTS */;
/*!40101 SET COLLATION_CONNECTION=@OLD_COLLATION_CONNECTION */;
